Internal ID,ZAB Subscription,Line ID
1772701,164720,0
1772702,164720,0
1772703,164720,0
1772704,164720,0
1772705,164720,0
1772706,164720,0
1772707,164720,0
1772708,164720,0
1772709,164720,0
1772710,164720,0
1772711,164720,0
1772712,164720,0
1772713,164720,0
1772714,164720,0
1772715,164720,0
1772716,164720,0
1772717,164720,0
1772718,164720,0
1772719,164720,0
1772720,164720,0
1772721,164720,0
1772722,164720,0
1772723,164720,0
1772724,164720,0
1772725,164720,0
1772726,164720,0
1772727,164720,0
1772728,164720,0
1772729,164720,0
1772730,164720,0
1772731,164720,0
1772732,164720,0
1772733,164720,0
1772734,164720,0
1772735,164720,0
1772736,164720,0
1772737,164720,0
1772738,164720,0
1772739,164720,0
1782532,164720,0
1782532,164720,1
1782532,164720,2
1783643,164720,0
1783744,164720,0
1789425,164720,0
1789425,164720,1
1789425,164720,2
1789425,164720,3
1789425,164720,4
1789425,164720,5
1789425,164720,6
1789425,164720,7
1789425,164720,8
1789425,164720,9
1789425,164720,10
1791133,164720,0
1810949,164720,1
1810949,164720,2
1810949,164720,5
1810949,164720,6
1810949,164720,7
1810949,164720,8
1810949,164720,9
1875794,164720,0
1875794,164720,1
1875794,164720,2
1877654,164720,0
1877654,164720,1
1877654,164720,2
1877654,164720,3
1877654,164720,4
1877654,164720,5
1877654,164720,6
1877654,164720,7
1877654,164720,8
1877654,164720,9
1877654,164720,10
1877654,164720,11
1877654,164720,12
1877654,164720,13
1877654,164720,14
1877655,164720,0
1877655,164720,1
1877655,164720,2
1877655,164720,3
1877655,164720,4
1877655,164720,5
1877655,164720,6
1877655,164720,7
1877655,164720,8
1877655,164720,9
1877655,164720,10
1877655,164720,11
1877655,164720,12
1877655,164720,13
1877793,164720,0
1877793,164720,1
1877793,164720,2
1877794,164720,0
1877794,164720,1
1877795,164720,0
1877795,164720,1
1877795,164720,2
1877795,164720,3
1877795,164720,4
1877795,164720,5
1877795,164720,6
1877795,164720,7
1877795,164720,8
1877795,164720,9
1877795,164720,10
1877795,164720,11
1877795,164720,12
1877795,164720,13
1877796,164720,0
1877796,164720,1
1877796,164720,2
1877796,164720,3
1877796,164720,4
1877796,164720,5
1877796,164720,6
1877796,164720,7
1877796,164720,8
1877796,164720,9
1877796,164720,10
1877796,164720,11
1877796,164720,12
1877797,164720,0
1877797,164720,1
1877797,164720,2
1877797,164720,3
1877797,164720,4
1877797,164720,5
1877797,164720,6
1877797,164720,7
1877797,164720,8
1877797,164720,9
1877797,164720,10
1877797,164720,11
1877798,164720,0
1877798,164720,1
1877798,164720,2
1877798,164720,3
1877798,164720,4
1877798,164720,5
1877798,164720,6
1877798,164720,7
1877798,164720,8
1877798,164720,9
1877798,164720,10
1877798,164720,11
1877798,164720,12
1877798,164720,13
1877798,164720,14
1877799,164720,0
1877799,164720,1
1877799,164720,2
1877799,164720,3
1877799,164720,4
1877799,164720,5
1877799,164720,6
1877799,164720,7
1877799,164720,8
1877799,164720,9
1877799,164720,10
1877799,164720,11
1877800,164720,0
1877800,164720,1
1877800,164720,2
1877801,164720,0
1877802,164720,0
1877802,164720,1
1877802,164720,2
1877803,164720,0
1877803,164720,1
1877803,164720,2
1877849,164720,0
1877849,164720,1
1877849,164720,2
1877850,164720,0
1877850,164720,1
1877850,164720,2
1877850,164720,3
1877850,164720,4
1877850,164720,5
1877850,164720,6
1877850,164720,7
1877850,164720,8
1877850,164720,9
1877850,164720,10
1877850,164720,11
1877851,164720,0
1877906,164720,0
1877906,164720,1
1877906,164720,2
1877907,164720,0
1877907,164720,1
1877907,164720,2
1877907,164720,3
1877907,164720,4
1877907,164720,5
1877907,164720,6
1877907,164720,7
1877907,164720,8
1877907,164720,9
1877907,164720,10
1877907,164720,11
1877908,164720,0
1877908,164720,1
1877908,164720,2
1877908,164720,3
1877908,164720,4
1877908,164720,5
1877908,164720,6
1877908,164720,7
1877908,164720,8
1877908,164720,9
1877908,164720,10
1877908,164720,11
1877908,164720,12
1877909,164720,0
1877909,164720,1
1877909,164720,2
1877909,164720,3
1877909,164720,4
1877909,164720,5
1877909,164720,6
1877909,164720,7
1877909,164720,8
1877909,164720,9
1877910,164720,0
1877910,164720,1
1877910,164720,2
1877910,164720,3
1877910,164720,4
1877910,164720,5
1877910,164720,6
1877910,164720,7
1877910,164720,8
1877910,164720,9
1877910,164720,10
1877910,164720,11
1877911,164720,0
1877911,164720,1
1877911,164720,2
1877911,164720,3
1877911,164720,4
1877911,164720,5
1877911,164720,6
1877911,164720,7
1877911,164720,8
1877911,164720,9
1877911,164720,10
1877911,164720,11
1877911,164720,12
1877911,164720,13
1877912,164720,0
1877913,164720,0
1877913,164720,1
1877914,164720,0
1877914,164720,1
1877914,164720,2
1877915,164720,0
1877915,164720,1
1877915,164720,2
1877915,164720,3
1877915,164720,4
1877915,164720,5
1877915,164720,6
1877915,164720,7
1877915,164720,8
1877915,164720,9
1877915,164720,10
1877915,164720,11
1877915,164720,12
1877915,164720,13
1877915,164720,14
1877975,164720,0
1877975,164720,1
1877975,164720,2
1877976,164720,0
1877976,164720,1
1877976,164720,2
1877976,164720,3
1877976,164720,4
1877976,164720,5
1877976,164720,6
1877976,164720,7
1877976,164720,8
1877976,164720,9
1877977,164720,0
1877977,164720,1
1877977,164720,2
1877977,164720,3
1877977,164720,4
1877977,164720,5
1877977,164720,6
1877977,164720,7
1877978,164720,0
1877978,164720,1
1877978,164720,2
1877978,164720,3
1877978,164720,4
1877978,164720,5
1877978,164720,6
1877978,164720,7
1877978,164720,8
1877978,164720,9
1877978,164720,10
1877978,164720,11
1877978,164720,12
1877979,164720,0
1877979,164720,1
1877979,164720,2
1877979,164720,3
1877979,164720,4
1877979,164720,5
1877979,164720,6
1877979,164720,7
1877979,164720,8
1877979,164720,9
1877979,164720,10
1877980,164720,0
1877980,164720,1
1877980,164720,2
1877980,164720,3
1877980,164720,4
1877980,164720,5
1877980,164720,6
1877980,164720,7
1877980,164720,8
1877980,164720,9
1877980,164720,10
1877980,164720,11
1877980,164720,12
1877981,164720,0
1877981,164720,1
1877981,164720,2
1877981,164720,3
1877981,164720,4
1877981,164720,5
1877981,164720,6
1877981,164720,7
1877982,164720,0
1877982,164720,1
1877982,164720,2
1877982,164720,3
1877982,164720,4
1877982,164720,5
1877982,164720,6
1877982,164720,7
1877982,164720,8
1877982,164720,9
1877982,164720,10
1877983,164720,0
1877983,164720,1
1877984,164720,0
1877984,164720,1
1877984,164720,2
1877984,164720,3
1877984,164720,4
1877984,164720,5
1877984,164720,6
1877984,164720,7
1877984,164720,8
1877984,164720,9
1877984,164720,10
1877985,164720,0
1877985,164720,1
1877985,164720,2
1877986,164720,0
1877986,164720,1
1877987,164720,0
1877987,164720,1
1877987,164720,2
1877988,164720,0
1877988,164720,1
1877988,164720,2
1877988,164720,3
1877988,164720,4
1877988,164720,5
1877988,164720,6
1877988,164720,7
1877988,164720,8
1877988,164720,9
1877988,164720,10
1877988,164720,11
1877989,164720,0
1877989,164720,1
1877989,164720,2
1877989,164720,3
1877989,164720,4
1877989,164720,5
1877989,164720,6
1877989,164720,7
1877989,164720,8
1877989,164720,9
1877989,164720,10
1877989,164720,11
1877989,164720,12
1877990,164720,0
1877990,164720,1
1877990,164720,2
1877990,164720,3
1877990,164720,4
1877990,164720,5
1877990,164720,6
1877990,164720,7
1877990,164720,8
1877990,164720,9
1877990,164720,10
1877990,164720,11
1877991,164720,0
1877991,164720,1
1877991,164720,2
1877991,164720,3
1877991,164720,4
1877991,164720,5
1877991,164720,6
1877991,164720,7
1877991,164720,8
1877991,164720,9
1877992,164720,0
1877992,164720,1
1877992,164720,2
1877992,164720,3
1877992,164720,4
1877992,164720,5
1877992,164720,6
1877992,164720,7
1878026,164720,0
1878026,164720,1
1878026,164720,2
1878026,164720,3
1878026,164720,4
1878026,164720,5
1878026,164720,6
1878026,164720,7
1878026,164720,8
1878026,164720,9
1878026,164720,10
1878026,164720,11
1878026,164720,12
1878026,164720,13
1878026,164720,14
1878026,164720,15
1878027,164720,0
1878027,164720,1
1878027,164720,2
1878027,164720,3
1878027,164720,4
1878027,164720,5
1878027,164720,6
1878027,164720,7
1878027,164720,8
1878027,164720,9
1878028,164720,0
1878028,164720,1
1878028,164720,2
1878028,164720,3
1878028,164720,4
1878028,164720,5
1878028,164720,6
1878028,164720,7
1878028,164720,8
1878028,164720,9
1878028,164720,10
1878028,164720,11
1878028,164720,12
1878028,164720,13
1878029,164720,0
1878029,164720,1
1878029,164720,2
1878029,164720,3
1878029,164720,4
1878029,164720,5
1878029,164720,6
1878029,164720,7
1878029,164720,8
1878029,164720,9
1878029,164720,10
1878029,164720,11
1878029,164720,12
1878029,164720,13
1878049,164720,0
1878049,164720,1
1878049,164720,2
1878049,164720,3
1878049,164720,4
1878049,164720,5
1878049,164720,6
1878049,164720,7
1878049,164720,8
1878049,164720,9
1878049,164720,10
1878049,164720,11
1878049,164720,12
1878049,164720,13
1878050,164720,0
1878050,164720,1
1878050,164720,2
1878051,164720,0
1878051,164720,1
1878051,164720,2
1878051,164720,3
1878051,164720,4
1878051,164720,5
1878051,164720,6
1878051,164720,7
1878051,164720,8
1878051,164720,9
1878051,164720,10
1878052,164720,0
1878052,164720,1
1878052,164720,2
1878052,164720,3
1878052,164720,4
1878052,164720,5
1878052,164720,6
1878052,164720,7
1878052,164720,8
1878052,164720,9
1878052,164720,10
1878052,164720,11
1878052,164720,12
1878053,164720,0
1878053,164720,1
1878053,164720,2
1878054,164720,0
1878054,164720,1
1878054,164720,2
1878054,164720,3
1878054,164720,4
1878054,164720,5
1878054,164720,6
1878054,164720,7
1878054,164720,8
1878054,164720,9
1878054,164720,10
1878054,164720,11
1878054,164720,12
1878054,164720,13
1878054,164720,14
1878055,164720,0
1878055,164720,1
1878055,164720,2
1878055,164720,3
1878055,164720,4
1878055,164720,5
1878055,164720,6
1878055,164720,7
1878055,164720,8
1878055,164720,9
1878055,164720,10
1878055,164720,11
1878055,164720,12
1878056,164720,0
1878056,164720,1
1878056,164720,2
1878056,164720,3
1878056,164720,4
1878056,164720,5
1878056,164720,6
1878056,164720,7
1878056,164720,8
1878057,164720,0
1878057,164720,1
1878057,164720,2
1878057,164720,3
1878057,164720,4
1878057,164720,5
1878057,164720,6
1878057,164720,7
1878057,164720,8
1878057,164720,9
1878057,164720,10
1878057,164720,11
1878057,164720,12
1878058,164720,0
1878058,164720,1
1878058,164720,2
1878058,164720,3
1878058,164720,4
1878058,164720,5
1878058,164720,6
1878058,164720,7
1878058,164720,8
1878058,164720,9
1878058,164720,10
1878058,164720,11
1878059,164720,0
1878059,164720,1
1878059,164720,2
1878059,164720,3
1878059,164720,4
1878059,164720,5
1878059,164720,6
1878059,164720,7
1878059,164720,8
1878059,164720,9
1878059,164720,10
1878059,164720,11
1878059,164720,12
1878060,164720,0
1878060,164720,1
1878060,164720,2
1878061,164720,0
1878061,164720,1
1878061,164720,2
1878061,164720,3
1878061,164720,4
1878061,164720,5
1878061,164720,6
1878061,164720,7
1878061,164720,8
1878061,164720,9
1878061,164720,10
1878061,164720,11
1878061,164720,12
1878062,164720,0
1878062,164720,1
1878062,164720,2
1878062,164720,3
1878062,164720,4
1878062,164720,5
1878063,164720,0
1878063,164720,1
1878063,164720,2
1878063,164720,3
1878063,164720,4
1878063,164720,5
1878063,164720,6
1878063,164720,7
1878063,164720,8
1878063,164720,9
1878063,164720,10
1878064,164720,0
1878065,164720,0
1878065,164720,1
1878065,164720,2
1878065,164720,3
1878065,164720,4
1878065,164720,5
1878065,164720,6
1878065,164720,7
1878066,164720,0
1878066,164720,1
1878066,164720,2
1878066,164720,3
1878066,164720,4
1878066,164720,5
1878066,164720,6
1878066,164720,7
1878066,164720,8
1878066,164720,9
1878066,164720,10
1878066,164720,11
1878067,164720,0
1878067,164720,1
1878067,164720,2
1878067,164720,3
1878067,164720,4
1878067,164720,5
1878067,164720,6
1878067,164720,7
1878067,164720,8
1878067,164720,9
1878068,164720,0
1878068,164720,1
1878068,164720,2
1878068,164720,3
1878068,164720,4
1878068,164720,5
1878068,164720,6
1878068,164720,7
1878068,164720,8
1878068,164720,9
1878068,164720,10
1878068,164720,11
1878068,164720,12
1878068,164720,13
1878069,164720,0
1878069,164720,1
1878069,164720,2
1878070,164720,0
1878070,164720,1
1878070,164720,2
1878070,164720,3
1878070,164720,4
1878070,164720,5
1878070,164720,6
1878070,164720,7
1878070,164720,8
1878070,164720,9
1878071,164720,0
1878071,164720,1
1878071,164720,2
1878071,164720,3
1878071,164720,4
1878071,164720,5
1878071,164720,6
1878071,164720,7
1878071,164720,8
1878071,164720,9
1878071,164720,10
1878071,164720,11
1878072,164720,0
1878072,164720,1
1878072,164720,2
1878072,164720,3
1878072,164720,4
1878072,164720,5
1878072,164720,6
1878072,164720,7
1878072,164720,8
1878072,164720,9
1878072,164720,10
1878072,164720,11
1878072,164720,12
1878073,164720,0
1878073,164720,1
1878073,164720,2
1878073,164720,3
1878073,164720,4
1878073,164720,5
1878073,164720,6
1878073,164720,7
1878073,164720,8
1878073,164720,9
1878073,164720,10
1878073,164720,11
1878073,164720,12
1878073,164720,13
1878074,164720,0
1878074,164720,1
1878074,164720,2
1878074,164720,3
1878074,164720,4
1878074,164720,5
1878074,164720,6
1878074,164720,7
1878074,164720,8
1878074,164720,9
1878074,164720,10
1878074,164720,11
1878074,164720,12
1878074,164720,13
1878074,164720,14
1878075,164720,0
1878075,164720,1
1878075,164720,2
1878075,164720,3
1878075,164720,4
1878075,164720,5
1878075,164720,6
1878075,164720,7
1878075,164720,8
1878075,164720,9
1878075,164720,10
1878075,164720,11
1878100,164720,0
1878100,164720,1
1878100,164720,2
1878100,164720,3
1878100,164720,4
1878100,164720,5
1878100,164720,6
1878100,164720,7
1878100,164720,8
1878100,164720,9
1878100,164720,10
1878100,164720,11
1878100,164720,12
1878101,164720,0
1878101,164720,1
1878101,164720,2
1878101,164720,3
1878101,164720,4
1878101,164720,5
1878101,164720,6
1878101,164720,7
1878101,164720,8
1878101,164720,9
1878101,164720,10
1878101,164720,11
1878101,164720,12
1878102,164720,0
1878103,164720,0
1878103,164720,1
1878103,164720,2
1878103,164720,3
1878103,164720,4
1878103,164720,5
1878103,164720,6
1878103,164720,7
1878103,164720,8
1878103,164720,9
1878103,164720,10
1878103,164720,11
1878103,164720,12
1878103,164720,13
1878104,164720,0
1878104,164720,1
1878104,164720,2
1878104,164720,3
1878104,164720,4
1878104,164720,5
1878104,164720,6
1878104,164720,7
1878104,164720,8
1878104,164720,9
1878104,164720,10
1878104,164720,11
1878105,164720,0
1878105,164720,1
1878105,164720,2
1878106,164720,0
1878106,164720,1
1878106,164720,2
1878107,164720,0
1878107,164720,1
1878107,164720,2
1878107,164720,3
1878107,164720,4
1878107,164720,5
1878107,164720,6
1878107,164720,7
1878107,164720,8
1878107,164720,9
1878108,164720,0
1878108,164720,1
1878108,164720,2
1878108,164720,3
1878108,164720,4
1878108,164720,5
1878108,164720,6
1878108,164720,7
1878108,164720,8
1878108,164720,9
1878108,164720,10
1878108,164720,11
1878109,164720,0
1878109,164720,1
1878109,164720,2
1878109,164720,3
1878109,164720,4
1878109,164720,5
1878109,164720,6
1878109,164720,7
1878109,164720,8
1878109,164720,9
1878109,164720,10
1878109,164720,11
1878110,164720,0
1878110,164720,1
1878110,164720,2
1878110,164720,3
1878110,164720,4
1878110,164720,5
1878110,164720,6
1878110,164720,7
1878110,164720,8
1878110,164720,9
1878110,164720,10
1878110,164720,11
1878110,164720,12
1878110,164720,13
1878111,164720,0
1878111,164720,1
1878111,164720,2
1878111,164720,3
1878111,164720,4
1878111,164720,5
1878111,164720,6
1878111,164720,7
1878111,164720,8
1878111,164720,9
1878111,164720,10
1878111,164720,11
1878112,164720,0
1878112,164720,1
1878112,164720,2
1878113,164720,0
1878113,164720,1
1878113,164720,2
1878114,164720,0
1878114,164720,1
1878114,164720,2
1878115,164720,0
1878115,164720,1
1878115,164720,2
1878115,164720,3
1878115,164720,4
1878115,164720,5
1878115,164720,6
1878115,164720,7
1878115,164720,8
1878115,164720,9
1878149,164720,0
1878149,164720,1
1878149,164720,2
1878150,164720,0
1878150,164720,1
1878150,164720,2
1878150,164720,3
1878150,164720,4
1878150,164720,5
1878150,164720,6
1878150,164720,7
1878150,164720,8
1878150,164720,9
1878150,164720,10
1878150,164720,11
1878150,164720,12
1878151,164720,0
1878151,164720,1
1878151,164720,2
1878151,164720,3
1878151,164720,4
1878151,164720,5
1878151,164720,6
1878151,164720,7
1878151,164720,8
1878151,164720,9
1878151,164720,10
1878151,164720,11
1878152,164720,0
1878152,164720,1
1878152,164720,2
1878152,164720,3
1878152,164720,4
1878152,164720,5
1878152,164720,6
1878153,164720,0
1878153,164720,1
1878153,164720,2
1878154,164720,0
1878154,164720,1
1878154,164720,2
1878154,164720,3
1878154,164720,4
1878154,164720,5
1878154,164720,6
1878154,164720,7
1878154,164720,8
1878154,164720,9
1878154,164720,10
1878154,164720,11
1878155,164720,0
1878156,164720,0
1878156,164720,1
1878156,164720,2
1878157,164720,0
1878157,164720,1
1878157,164720,2
1878157,164720,3
1878157,164720,4
1878157,164720,5
1878157,164720,6
1878157,164720,7
1878157,164720,8
1878157,164720,9
1878157,164720,10
1878157,164720,11
1878158,164720,0
1878158,164720,1
1878158,164720,2
1878158,164720,3
1878158,164720,4
1878158,164720,5
1878158,164720,6
1878158,164720,7
1878158,164720,8
1878158,164720,9
1878158,164720,10
1878159,164720,0
1878159,164720,1
1878159,164720,2
1878160,164720,0
1878160,164720,1
1878160,164720,2
1878160,164720,3
1878160,164720,4
1878160,164720,5
1878160,164720,6
1878160,164720,7
1878160,164720,8
1878160,164720,9
1878160,164720,10
1878160,164720,11
1878160,164720,12
1878160,164720,13
1878161,164720,0
1878161,164720,1
1878161,164720,2
1878161,164720,3
1878161,164720,4
1878161,164720,5
1878161,164720,6
1878161,164720,7
1878161,164720,8
1878161,164720,9
1878161,164720,10
1878162,164720,0
1878162,164720,1
1878162,164720,2
1878162,164720,3
1878162,164720,4
1878162,164720,5
1878162,164720,6
1878162,164720,7
1878162,164720,8
1878162,164720,9
1878162,164720,10
1878162,164720,11
1878163,164720,0
1878163,164720,1
1878164,164720,0
1878164,164720,1
1878164,164720,2
1878164,164720,3
1878164,164720,4
1878164,164720,5
1878164,164720,6
1878164,164720,7
1878164,164720,8
1878164,164720,9
1878164,164720,10
1878164,164720,11
1878164,164720,12
1878164,164720,13
1878165,164720,0
1878165,164720,1
1878165,164720,2
1878165,164720,3
1878165,164720,4
1878165,164720,5
1878165,164720,6
1878165,164720,7
1878165,164720,8
1878165,164720,9
1878166,164720,0
1878166,164720,1
1878166,164720,2
1878167,164720,0
1878167,164720,1
1878167,164720,2
1878167,164720,3
1878167,164720,4
1878167,164720,5
1878167,164720,6
1878167,164720,7
1878167,164720,8
1878167,164720,9
1878168,164720,0
1878168,164720,1
1878168,164720,2
1878168,164720,3
1878168,164720,4
1878168,164720,5
1878168,164720,6
1878168,164720,7
1878168,164720,8
1878168,164720,9
1878168,164720,10
1878168,164720,11
1878168,164720,12
1878169,164720,0
1878169,164720,1
1878169,164720,2
1878170,164720,0
1878170,164720,1
1878170,164720,2
1878170,164720,3
1878170,164720,4
1878170,164720,5
1878170,164720,6
1878170,164720,7
1878170,164720,8
1878170,164720,9
1878170,164720,10
1878170,164720,11
1878170,164720,12
1878171,164720,0
1878171,164720,1
1878171,164720,2
1878171,164720,3
1878171,164720,4
1878171,164720,5
1878171,164720,6
1878171,164720,7
1878171,164720,8
1878171,164720,9
1878171,164720,10
1878172,164720,0
1878172,164720,1
1878172,164720,2
1878190,164720,0
1878190,164720,1
1878190,164720,2
1878190,164720,3
1878190,164720,4
1878190,164720,5
1878190,164720,6
1878190,164720,7
1878190,164720,8
1878190,164720,9
1878190,164720,10
1878191,164720,0
1878191,164720,1
1878191,164720,2
1878191,164720,3
1878191,164720,4
1878191,164720,5
1878191,164720,6
1878191,164720,7
1878191,164720,8
1878191,164720,9
1878191,164720,10
1878191,164720,11
1878192,164720,0
1878192,164720,1
1878192,164720,2
1878193,164720,0
1878193,164720,1
1878193,164720,2
1878193,164720,3
1878193,164720,4
1878193,164720,5
1878193,164720,6
1878193,164720,7
1878193,164720,8
1878193,164720,9
1878193,164720,10
1878193,164720,11
1878193,164720,12
1878193,164720,13
1878194,164720,0
1878194,164720,1
1878194,164720,2
1878194,164720,3
1878194,164720,4
1878194,164720,5
1878194,164720,6
1878194,164720,7
1878194,164720,8
1878194,164720,9
1878194,164720,10
1878195,164720,0
1878195,164720,1
1878195,164720,2
1878195,164720,3
1878195,164720,4
1878195,164720,5
1878195,164720,6
1878195,164720,7
1878195,164720,8
1878195,164720,9
1878196,164720,0
1878196,164720,1
1878196,164720,2
1878196,164720,3
1878197,164720,0
1878197,164720,1
1878197,164720,2
1878198,164720,0
1878198,164720,1
1878198,164720,2
1878199,164720,0
1878199,164720,1
1878199,164720,2
1878200,164720,0
1878200,164720,1
1878200,164720,2
1878201,164720,0
1878201,164720,1
1878201,164720,2
1878202,164720,0
1878202,164720,1
1878202,164720,2
1878202,164720,3
1878202,164720,4
1878202,164720,5
1878203,164720,0
1878203,164720,1
1878204,164720,0
1878204,164720,1
1878204,164720,2
1878205,164720,0
1878205,164720,1
1878205,164720,2
1878205,164720,3
1878205,164720,4
1878205,164720,5
1878205,164720,6
1878205,164720,7
1878205,164720,8
1878205,164720,9
1878206,164720,0
1878207,164720,0
1878207,164720,1
1878207,164720,2
1878208,164720,0
1878208,164720,1
1878208,164720,2
1878208,164720,3
1878208,164720,4
1878208,164720,5
1878208,164720,6
1878208,164720,7
1878208,164720,8
1878208,164720,9
1878208,164720,10
1878208,164720,11
1878208,164720,12
1878208,164720,13
1878209,164720,0
1878209,164720,1
1878209,164720,2
1878210,164720,0
1878210,164720,1
1878210,164720,2
1878210,164720,3
1878210,164720,4
1878210,164720,5
1878210,164720,6
1878211,164720,0
1878211,164720,1
1878211,164720,2
1878212,164720,0
1878212,164720,1
1878212,164720,2
1878212,164720,3
1878212,164720,4
1878212,164720,5
1878212,164720,6
1878212,164720,7
1878213,164720,0
1878213,164720,1
1878213,164720,2
1878213,164720,3
1878213,164720,4
1878213,164720,5
1878213,164720,6
1878213,164720,7
1878213,164720,8
1878213,164720,9
1878213,164720,10
1878214,164720,0
1878214,164720,1
1878214,164720,2
1878214,164720,3
1878214,164720,4
1878214,164720,5
1878214,164720,6
1878214,164720,7
1878214,164720,8
1878214,164720,9
1878214,164720,10
1878214,164720,11
1878214,164720,12
1878215,164720,0
1878215,164720,1
1878215,164720,2
1878215,164720,3
1878215,164720,4
1878215,164720,5
1878215,164720,6
1878215,164720,7
1878215,164720,8
1878215,164720,9
1878215,164720,10
1878215,164720,11
1878215,164720,12
1878215,164720,13
1878215,164720,14
1878216,164720,0
1878216,164720,1
1878216,164720,2
1878217,164720,0
1878217,164720,1
1878217,164720,2
1878217,164720,3
1878217,164720,4
1878217,164720,5
1878217,164720,6
1878217,164720,7
1878217,164720,8
1878217,164720,9
1878217,164720,10
1878217,164720,11
1878218,164720,0
1878218,164720,1
1878218,164720,2
1878218,164720,3
1878218,164720,4
1878218,164720,5
1878218,164720,6
1878218,164720,7
1878218,164720,8
1878218,164720,9
1878218,164720,10
1878218,164720,11
1878218,164720,12
1878219,164720,0
1878219,164720,1
1878219,164720,2
1878219,164720,3
1878219,164720,4
1878219,164720,5
1878220,164720,0
1878220,164720,1
1878220,164720,2
1878220,164720,3
1878220,164720,4
1878220,164720,5
1878220,164720,6
1878220,164720,7
1878220,164720,8
1878220,164720,9
1878220,164720,10
1878220,164720,11
1878220,164720,12
1878220,164720,13
1878220,164720,14
1878220,164720,15
1878220,164720,16
1878220,164720,17
1878221,164720,0
1878221,164720,1
1878221,164720,2
1878221,164720,3
1878221,164720,4
1878221,164720,5
1878221,164720,6
1878221,164720,7
1878221,164720,8
1878221,164720,9
1878221,164720,10
1878222,164720,0
1878222,164720,1
1878222,164720,2
1878223,164720,0
1878223,164720,1
1878223,164720,2
1878223,164720,3
1878223,164720,4
1878223,164720,5
1878223,164720,6
1878223,164720,7
1878223,164720,8
1878223,164720,9
1878223,164720,10
1878223,164720,11
1878224,164720,0
1878224,164720,1
1878224,164720,2
1878224,164720,3
1878224,164720,4
1878224,164720,5
1878224,164720,6
1878224,164720,7
1878224,164720,8
1878224,164720,9
1878224,164720,10
1878224,164720,11
1878224,164720,12
1878225,164720,0
1878225,164720,1
1878225,164720,2
1878225,164720,3
1878225,164720,4
1878225,164720,5
1878225,164720,6
1878225,164720,7
1878225,164720,8
1878225,164720,9
1878225,164720,10
1878225,164720,11
1878225,164720,12
1878225,164720,13
1878225,164720,14
1878225,164720,15
1878225,164720,16
1878225,164720,17
1878226,164720,0
1878226,164720,1
1878226,164720,2
1878226,164720,3
1878226,164720,4
1878226,164720,5
1878226,164720,6
1878226,164720,7
1878226,164720,8
1878226,164720,9
1878226,164720,10
1878226,164720,11
1878227,164720,0
1878227,164720,1
1878227,164720,2
1878227,164720,3
1878227,164720,4
1878227,164720,5
1878227,164720,6
1878227,164720,7
1878227,164720,8
1878227,164720,9
1878227,164720,10
1878227,164720,11
1878227,164720,12
1878228,164720,0
1878228,164720,1
1878228,164720,2
1878228,164720,3
1878228,164720,4
1878228,164720,5
1878228,164720,6
1878228,164720,7
1878228,164720,8
1878228,164720,9
1878229,164720,0
1878229,164720,1
1878229,164720,2
1878229,164720,3
1878229,164720,4
1878229,164720,5
1878229,164720,6
1878229,164720,7
1878229,164720,8
1878229,164720,9
1878229,164720,10
1878230,164720,0
1878230,164720,1
1878230,164720,2
1878230,164720,3
1878230,164720,4
1878230,164720,5
1878230,164720,6
1878230,164720,7
1878230,164720,8
1878230,164720,9
1878230,164720,10
1878231,164720,0
1878231,164720,1
1878231,164720,2
1878232,164720,0
1878232,164720,1
1878232,164720,2
1878232,164720,3
1878232,164720,4
1878232,164720,5
1878232,164720,6
1878232,164720,7
1878232,164720,8
1878232,164720,9
1878232,164720,10
1878232,164720,11
1878233,164720,0
1878233,164720,1
1878233,164720,2
1878233,164720,3
1878233,164720,4
1878233,164720,5
1878233,164720,6
1878233,164720,7
1878233,164720,8
1878233,164720,9
1878233,164720,10
1878233,164720,11
1878233,164720,12
1878233,164720,13
1878233,164720,14
1878233,164720,15
1878233,164720,16
1878233,164720,17
1878234,164720,0
1878234,164720,1
1878234,164720,2
1878235,164720,0
1878235,164720,1
1878235,164720,2
1878235,164720,3
1878235,164720,4
1878235,164720,5
1878235,164720,6
1878235,164720,7
1878235,164720,8
1878235,164720,9
1878235,164720,10
1878235,164720,11
1878236,164720,0
1878236,164720,1
1878236,164720,2
1878236,164720,3
1878236,164720,4
1878236,164720,5
1878236,164720,6
1878236,164720,7
1878236,164720,8
1878236,164720,9
1878236,164720,10
1878236,164720,11
1878259,164720,0
1878259,164720,1
1878259,164720,2
1878259,164720,3
1878259,164720,4
1878259,164720,5
1878259,164720,6
1878259,164720,7
1878259,164720,8
1878259,164720,9
1878259,164720,10
1878259,164720,11
1878259,164720,12
1878259,164720,13
1878260,164720,0
1878260,164720,1
1878260,164720,2
1878261,164720,0
1878261,164720,1
1878261,164720,2
1878261,164720,3
1878261,164720,4
1878261,164720,5
1878261,164720,6
1878261,164720,7
1878261,164720,8
1878261,164720,9
1878262,164720,0
1878262,164720,1
1878262,164720,2
1878262,164720,3
1878262,164720,4
1878262,164720,5
1878262,164720,6
1878262,164720,7
1878262,164720,8
1878262,164720,9
1878262,164720,10
1878262,164720,11
1878263,164720,0
1878263,164720,1
1878263,164720,2
1878263,164720,3
1878263,164720,4
1878263,164720,5
1878263,164720,6
1878264,164720,0
1878264,164720,1
1878264,164720,2
1878264,164720,3
1878264,164720,4
1878264,164720,5
1878264,164720,6
1878264,164720,7
1878264,164720,8
1878264,164720,9
1878264,164720,10
1878264,164720,11
1878264,164720,12
1878264,164720,13
1878264,164720,14
1878264,164720,15
1878264,164720,16
1878264,164720,17
1878265,164720,0
1878265,164720,1
1878265,164720,2
1878266,164720,0
1878266,164720,1
1878266,164720,2
1878267,164720,0
1878267,164720,1
1878268,164720,0
1878268,164720,1
1878268,164720,2
1878268,164720,3
1878268,164720,4
1878268,164720,5
1878268,164720,6
1878268,164720,7
1878268,164720,8
1878268,164720,9
1878268,164720,10
1878269,164720,0
1878269,164720,1
1878269,164720,2
1878269,164720,3
1878269,164720,4
1878269,164720,5
1878269,164720,6
1878270,164720,0
1878270,164720,1
1878270,164720,2
1878270,164720,3
1878270,164720,4
1878270,164720,5
1878270,164720,6
1878270,164720,7
1878270,164720,8
1878270,164720,9
1878270,164720,10
1878270,164720,11
1878271,164720,0
1878271,164720,1
1878271,164720,2
1878271,164720,3
1878271,164720,4
1878271,164720,5
1878271,164720,6
1878271,164720,7
1878271,164720,8
1878271,164720,9
1878271,164720,10
1878271,164720,11
1878271,164720,12
1878272,164720,0
1878272,164720,1
1878272,164720,2
1878273,164720,0
1878273,164720,1
1878273,164720,2
1878273,164720,3
1878273,164720,4
1878273,164720,5
1878273,164720,6
1878273,164720,7
1878273,164720,8
1878273,164720,9
1878273,164720,10
1878273,164720,11
1878274,164720,0
1878274,164720,1
1878275,164720,0
1878275,164720,1
1878275,164720,2
1878275,164720,3
1878275,164720,4
1878275,164720,5
1878275,164720,6
1878275,164720,7
1878275,164720,8
1878275,164720,9
1878276,164720,0
1878276,164720,1
1878276,164720,2
1878276,164720,3
1878276,164720,4
1878276,164720,5
1878276,164720,6
1878276,164720,7
1878276,164720,8
1878276,164720,9
1878276,164720,10
1878276,164720,11
1878277,164720,0
1878277,164720,1
1878277,164720,2
1878277,164720,3
1878277,164720,4
1878277,164720,5
1878277,164720,6
1878277,164720,7
1878278,164720,0
1878278,164720,1
1878278,164720,2
1878279,164720,0
1878279,164720,1
1878280,164720,0
1878280,164720,1
1878280,164720,2
1878280,164720,3
1878280,164720,4
1878280,164720,5
1878280,164720,6
1878280,164720,7
1878280,164720,8
1878280,164720,9
1878280,164720,10
1878280,164720,11
1878280,164720,12
1878280,164720,13
1878280,164720,14
1878281,164720,0
1878282,164720,0
1878282,164720,1
1878282,164720,2
1878282,164720,3
1878282,164720,4
1878282,164720,5
1878282,164720,6
1878282,164720,7
1878282,164720,8
1878282,164720,9
1878282,164720,10
1878282,164720,11
1878282,164720,12
1878282,164720,13
1878282,164720,14
1878282,164720,15
1878282,164720,16
1878282,164720,17
1878283,164720,0
1878284,164720,0
1878284,164720,1
1878284,164720,2
1878284,164720,3
1878284,164720,4
1878284,164720,5
1878284,164720,6
1878284,164720,7
1878284,164720,8
1878284,164720,9
1878284,164720,10
1878284,164720,11
1878285,164720,0
1878285,164720,1
1878285,164720,2
1878285,164720,3
1878285,164720,4
1878285,164720,5
1878285,164720,6
1878285,164720,7
1878285,164720,8
1878285,164720,9
1878286,164720,0
1878286,164720,1
1878287,164720,0
1878288,164720,0
1878289,164720,0
1878289,164720,1
1878289,164720,2
1878289,164720,3
1878289,164720,4
1878289,164720,5
1878289,164720,6
1878289,164720,7
1878289,164720,8
1878289,164720,9
1878289,164720,10
1878289,164720,11
1878290,164720,0
1878290,164720,1
1878290,164720,2
1878291,164720,0
1878291,164720,1
1878291,164720,2
1878291,164720,3
1878291,164720,4
1878291,164720,5
1878291,164720,6
1878291,164720,7
1878291,164720,8
1878291,164720,9
1878291,164720,10
1878291,164720,11
1878291,164720,12
1878291,164720,13
1878292,164720,0
1878292,164720,1
1878292,164720,2
1878292,164720,3
1878292,164720,4
1878292,164720,5
1878292,164720,6
1878292,164720,7
1878292,164720,8
1878292,164720,9
1878292,164720,10
1878292,164720,11
1878292,164720,12
1878292,164720,13
1878293,164720,0
1878293,164720,1
1878293,164720,2
1878293,164720,3
1878293,164720,4
1878293,164720,5
1878293,164720,6
1878293,164720,7
1878293,164720,8
1878293,164720,9
1878294,164720,0
1878294,164720,1
1878294,164720,2
1878294,164720,3
1878294,164720,4
1878294,164720,5
1878294,164720,6
1878294,164720,7
1878294,164720,8
1878294,164720,9
1878294,164720,10
1878294,164720,11
1878294,164720,12
1878295,164720,0
1878295,164720,1
1878295,164720,2
1878295,164720,3
1878295,164720,4
1878295,164720,5
1878295,164720,6
1878295,164720,7
1878295,164720,8
1878295,164720,9
1878295,164720,10
1878295,164720,11
1878295,164720,12
1878296,164720,0
1878296,164720,1
1878296,164720,2
1878297,164720,0
1878297,164720,1
1878297,164720,2
1878298,164720,0
1878299,164720,0
1878299,164720,1
1878299,164720,2
1878299,164720,3
1878299,164720,4
1878299,164720,5
1878299,164720,6
1878299,164720,7
1878299,164720,8
1878299,164720,9
1878299,164720,10
1878299,164720,11
1878300,164720,0
1878300,164720,1
1878300,164720,2
1878300,164720,3
1878300,164720,4
1878300,164720,5
1878300,164720,6
1878300,164720,7
1878301,164720,0
1878301,164720,1
1878301,164720,2
1878301,164720,3
1878301,164720,4
1878301,164720,5
1878301,164720,6
1878301,164720,7
1878301,164720,8
1878301,164720,9
1878301,164720,10
1878302,164720,0
1878302,164720,1
1878302,164720,2
1878302,164720,3
1878302,164720,4
1878302,164720,5
1878302,164720,6
1878302,164720,7
1878302,164720,8
1878302,164720,9
1878302,164720,10
1878302,164720,11
1878302,164720,12
1878302,164720,13
1878302,164720,14
1878303,164720,0
1878303,164720,1
1878303,164720,2
1878303,164720,3
1878304,164720,0
1878304,164720,1
1878304,164720,2
1878305,164720,0
1878305,164720,1
1878305,164720,2
1878305,164720,3
1878305,164720,4
1878305,164720,5
1878305,164720,6
1878305,164720,7
1878305,164720,8
1878305,164720,9
1878305,164720,10
1878349,164720,0
1878350,164720,0
1878350,164720,1
1878350,164720,2
1878351,164720,0
1878351,164720,1
1878351,164720,2
1878352,164720,0
1878352,164720,1
1878352,164720,2
1878352,164720,3
1878352,164720,4
1878352,164720,5
1878352,164720,6
1878352,164720,7
1878352,164720,8
1878352,164720,9
1878352,164720,10
1878352,164720,11
1878353,164720,0
1878353,164720,1
1878353,164720,2
1878354,164720,0
1878354,164720,1
1878354,164720,2
1878354,164720,3
1878354,164720,4
1878354,164720,5
1878354,164720,6
1878354,164720,7
1878354,164720,8
1878354,164720,9
1878354,164720,10
1878354,164720,11
1878355,164720,0
1878361,164720,0
1878361,164720,1
1878361,164720,2
1878361,164720,3
1878361,164720,4
1878361,164720,5
1878361,164720,6
1878361,164720,7
1878361,164720,8
1878361,164720,9
1878361,164720,10
1878361,164720,11
1878361,164720,12
1878361,164720,13
1878361,164720,14
1878362,164720,0
1878362,164720,1
1878362,164720,2
1878362,164720,3
1878362,164720,4
1878362,164720,5
1878362,164720,6
1878362,164720,7
1878362,164720,8
1878362,164720,9
1878362,164720,10
1878362,164720,11
1878362,164720,12
1878363,164720,0
1878363,164720,1
1878363,164720,2
1878364,164720,0
1878364,164720,1
1878365,164720,0
1878365,164720,1
1878365,164720,2
1878365,164720,3
1878365,164720,4
1878365,164720,5
1878365,164720,6
1878365,164720,7
1878365,164720,8
1878365,164720,9
1878365,164720,10
1878365,164720,11
1878366,164720,0
1878366,164720,1
1878366,164720,2
1878367,164720,0
1878367,164720,1
1878367,164720,2
1878367,164720,3
1878367,164720,4
1878367,164720,5
1878367,164720,6
1878367,164720,7
1878367,164720,8
1878367,164720,9
1878368,164720,0
1878368,164720,1
1878368,164720,2
1878368,164720,3
1878368,164720,4
1878368,164720,5
1878368,164720,6
1878368,164720,7
1878368,164720,8
1878368,164720,9
1878368,164720,10
1878369,164720,0
1878369,164720,1
1878369,164720,2
1878369,164720,3
1878369,164720,4
1878369,164720,5
1878369,164720,6
1878369,164720,7
1878369,164720,8
1878369,164720,9
1878369,164720,10
1878369,164720,11
1878369,164720,12
1878369,164720,13
1878370,164720,0
1878370,164720,1
1878370,164720,2
1878370,164720,3
1878370,164720,4
1878370,164720,5
1878370,164720,6
1878370,164720,7
1878370,164720,8
1878370,164720,9
1878370,164720,10
1878370,164720,11
1878371,164720,0
1878371,164720,1
1878371,164720,2
1878371,164720,3
1878371,164720,4
1878371,164720,5
1878371,164720,6
1878371,164720,7
1878371,164720,8
1878371,164720,9
1878371,164720,10
1878372,164720,0
1878372,164720,1
1878372,164720,2
1878372,164720,3
1878372,164720,4
1878372,164720,5
1878372,164720,6
1878372,164720,7
1878372,164720,8
1878372,164720,9
1878372,164720,10
1878372,164720,11
1878373,164720,0
1878373,164720,1
1878373,164720,2
1878373,164720,3
1878373,164720,4
1878373,164720,5
1878373,164720,6
1878373,164720,7
1878373,164720,8
1878373,164720,9
1878373,164720,10
1878373,164720,11
1878373,164720,12
1878374,164720,0
1878374,164720,1
1878374,164720,2
1878374,164720,3
1878374,164720,4
1878374,164720,5
1878374,164720,6
1878374,164720,7
1878374,164720,8
1878374,164720,9
1878374,164720,10
1878374,164720,11
1878374,164720,12
1878374,164720,13
1878374,164720,14
1878375,164720,0
1878375,164720,1
1878375,164720,2
1878375,164720,3
1878375,164720,4
1878375,164720,5
1878375,164720,6
1878375,164720,7
1878375,164720,8
1878375,164720,9
1878376,164720,0
1878376,164720,1
1878376,164720,2
1878376,164720,3
1878376,164720,4
1878376,164720,5
1878376,164720,6
1878376,164720,7
1878376,164720,8
1878376,164720,9
1878376,164720,10
1878376,164720,11
1878377,164720,0
1878377,164720,1
1878377,164720,2
1878377,164720,3
1878377,164720,4
1878377,164720,5
1878377,164720,6
1878377,164720,7
1878377,164720,8
1878377,164720,9
1878377,164720,10
1878377,164720,11
1878449,164720,0
1878449,164720,1
1878449,164720,2
1878449,164720,3
1878449,164720,4
1878449,164720,5
1878449,164720,6
1878449,164720,7
1878449,164720,8
1878449,164720,9
1878449,164720,10
1878449,164720,11
1878450,164720,0
1878450,164720,1
1878451,164720,0
1878451,164720,1
1878451,164720,2
1878452,164720,0
1878452,164720,1
1878452,164720,2
1878452,164720,3
1878452,164720,4
1878452,164720,5
1878452,164720,6
1878452,164720,7
1878452,164720,8
1878452,164720,9
1878452,164720,10
1878452,164720,11
1878452,164720,12
1878452,164720,13
1878453,164720,0
1878454,164720,0
1878454,164720,1
1878454,164720,2
1878454,164720,3
1878455,164720,0
1878455,164720,1
1878455,164720,2
1878456,164720,0
1878456,164720,1
1878456,164720,2
1878456,164720,3
1878456,164720,4
1878456,164720,5
1878456,164720,6
1878456,164720,7
1878456,164720,8
1878456,164720,9
1878456,164720,10
1878456,164720,11
1878456,164720,12
1878457,164720,0
1878457,164720,1
1878458,164720,0
1878458,164720,1
1878458,164720,2
1878458,164720,3
1878458,164720,4
1878458,164720,5
1878458,164720,6
1878458,164720,7
1878458,164720,8
1878458,164720,9
1878458,164720,10
1878459,164720,0
1878459,164720,1
1878459,164720,2
1878460,164720,0
1878460,164720,1
1878460,164720,2
1878460,164720,3
1878460,164720,4
1878460,164720,5
1878460,164720,6
1878460,164720,7
1878460,164720,8
1878460,164720,9
1878460,164720,10
1878460,164720,11
1878460,164720,12
1878460,164720,13
1878461,164720,0
1878461,164720,1
1878461,164720,2
1878461,164720,3
1878461,164720,4
1878461,164720,5
1878461,164720,6
1878461,164720,7
1878461,164720,8
1878461,164720,9
1878461,164720,10
1878461,164720,11
1878461,164720,12
1878461,164720,13
1878461,164720,14
1878461,164720,15
1878461,164720,16
1878461,164720,17
1878462,164720,0
1878462,164720,1
1878462,164720,2
1878463,164720,0
1878463,164720,1
1878463,164720,2
1878463,164720,3
1878463,164720,4
1878463,164720,5
1878463,164720,6
1878463,164720,7
1878463,164720,8
1878463,164720,9
1878463,164720,10
1878463,164720,11
1878463,164720,12
1878463,164720,13
1878464,164720,0
1878464,164720,1
1878464,164720,2
1878464,164720,3
1878464,164720,4
1878464,164720,5
1878464,164720,6
1878464,164720,7
1878464,164720,8
1878464,164720,9
1878464,164720,10
1878465,164720,0
1878465,164720,1
1878465,164720,2
1878465,164720,3
1878465,164720,4
1878465,164720,5
1878466,164720,0
1878466,164720,1
1878466,164720,2
1878466,164720,3
1878467,164720,0
1878467,164720,1
1878467,164720,2
1878467,164720,3
1878467,164720,4
1878467,164720,5
1878467,164720,6
1878467,164720,7
1878467,164720,8
1878467,164720,9
1878467,164720,10
1878467,164720,11
1878468,164720,0
1878468,164720,1
1878468,164720,2
1878469,164720,0
1878469,164720,1
1878469,164720,2
1878470,164720,0
1878471,164720,0
1878472,164720,0
1878472,164720,1
1878472,164720,2
1878472,164720,3
1878472,164720,4
1878472,164720,5
1878472,164720,6
1878472,164720,7
1878472,164720,8
1878472,164720,9
1878472,164720,10
1878472,164720,11
1878472,164720,12
1878472,164720,13
1878472,164720,14
1878473,164720,0
1878473,164720,1
1878473,164720,2
1878473,164720,3
1878473,164720,4
1878473,164720,5
1878473,164720,6
1878473,164720,7
1878473,164720,8
1878473,164720,9
1878473,164720,10
1878473,164720,11
1878474,164720,0
1878474,164720,1
1878474,164720,2
1878474,164720,3
1878474,164720,4
1878474,164720,5
1878474,164720,6
1878474,164720,7
1878474,164720,8
1878474,164720,9
1878474,164720,10
1878474,164720,11
1878474,164720,12
1878475,164720,0
1878475,164720,1
1878475,164720,2
1878475,164720,3
1878475,164720,4
1878475,164720,5
1878475,164720,6
1878475,164720,7
1878475,164720,8
1878475,164720,9
1878475,164720,10
1878475,164720,11
1878476,164720,0
1878476,164720,1
1878476,164720,2
1878476,164720,3
1878476,164720,4
1878476,164720,5
1878476,164720,6
1878476,164720,7
1878476,164720,8
1878476,164720,9
1878476,164720,10
1878476,164720,11
1878477,164720,0
1878477,164720,1
1878477,164720,2
1878477,164720,3
1878477,164720,4
1878477,164720,5
1878477,164720,6
1878477,164720,7
1878477,164720,8
1878477,164720,9
1878477,164720,10
1878478,164720,0
1878478,164720,1
1878478,164720,2
1878479,164720,0
1878479,164720,1
1878479,164720,2
1878479,164720,3
1878479,164720,4
1878479,164720,5
1878479,164720,6
1878479,164720,7
1878480,164720,0
1878480,164720,1
1878480,164720,2
1878480,164720,3
1878480,164720,4
1878481,164720,0
1878481,164720,1
1878481,164720,2
1878481,164720,3
1878481,164720,4
1878481,164720,5
1878481,164720,6
1878481,164720,7
1878481,164720,8
1878481,164720,9
1878481,164720,10
1878481,164720,11
1878481,164720,12
1878482,164720,0
1878482,164720,1
1878482,164720,2
1878482,164720,3
1878482,164720,4
1878482,164720,5
1878482,164720,6
1878482,164720,7
1878482,164720,8
1878482,164720,9
1878482,164720,10
1878482,164720,11
1878483,164720,0
1878484,164720,0
1878484,164720,1
1878484,164720,2
1878484,164720,3
1878484,164720,4
1878484,164720,5
1878484,164720,6
1878484,164720,7
1878484,164720,8
1878484,164720,9
1878484,164720,10
1878484,164720,11
1878484,164720,12
1878484,164720,13
1878485,164720,0
1878485,164720,1
1878486,164720,0
1878486,164720,1
1878486,164720,2
1878486,164720,3
1878486,164720,4
1878486,164720,5
1878486,164720,6
1878486,164720,7
1878486,164720,8
1878486,164720,9
1878486,164720,10
1878486,164720,11
1878487,164720,0
1878487,164720,1
1878487,164720,2
1878488,164720,0
1878488,164720,1
1878488,164720,2
1878488,164720,3
1878488,164720,4
1878488,164720,5
1878488,164720,6
1878488,164720,7
1878488,164720,8
1878488,164720,9
1878488,164720,10
1878488,164720,11
1878488,164720,12
1878488,164720,13
1878489,164720,0
1878489,164720,1
1878489,164720,2
1878490,164720,0
1878490,164720,1
1878490,164720,2
1878493,164720,0
1878493,164720,1
1878493,164720,2
1878494,164720,0
1878494,164720,1
1878494,164720,2
1878494,164720,3
1878495,164720,0
1878495,164720,1
1878495,164720,2
1878495,164720,3
1878495,164720,4
1878495,164720,5
1878495,164720,6
1878495,164720,7
1878495,164720,8
1878495,164720,9
1878495,164720,10
1878495,164720,11
1878496,164720,0
1878496,164720,1
1878496,164720,2
1878496,164720,3
1878496,164720,4
1878496,164720,5
1878496,164720,6
1878496,164720,7
1878496,164720,8
1878496,164720,9
1878497,164720,0
1878497,164720,1
1878497,164720,2
1878498,164720,0
1878498,164720,1
1878498,164720,2
1878499,164720,0
1878499,164720,1
1878500,164720,0
1878549,164720,0
1878549,164720,1
1878549,164720,2
1878549,164720,3
1878549,164720,4
1878549,164720,5
1878549,164720,6
1878549,164720,7
1878549,164720,8
1878550,164720,0
1878550,164720,1
1878550,164720,2
1878550,164720,3
1878550,164720,4
1878550,164720,5
1878550,164720,6
1878550,164720,7
1878550,164720,8
1878550,164720,9
1878550,164720,10
1878550,164720,11
1878550,164720,12
1878550,164720,13
1878551,164720,0
1878551,164720,1
1878551,164720,2
1878551,164720,3
1878551,164720,4
1878551,164720,5
1878551,164720,6
1878551,164720,7
1878551,164720,8
1878551,164720,9
1878551,164720,10
1878552,164720,0
1878552,164720,1
1878552,164720,2
1878552,164720,3
1878552,164720,4
1878552,164720,5
1878553,164720,0
1878553,164720,1
1878553,164720,2
1878553,164720,3
1878553,164720,4
1878553,164720,5
1878553,164720,6
1878553,164720,7
1878553,164720,8
1878553,164720,9
1878553,164720,10
1878554,164720,0
1878554,164720,1
1878554,164720,2
1878554,164720,3
1878554,164720,4
1878554,164720,5
1878554,164720,6
1878554,164720,7
1878554,164720,8
1878554,164720,9
1878554,164720,10
1878554,164720,11
1878554,164720,12
1878554,164720,13
1878554,164720,14
1878555,164720,0
1878555,164720,1
1878555,164720,2
1878555,164720,3
1878555,164720,4
1878555,164720,5
1878555,164720,6
1878555,164720,7
1878555,164720,8
1878555,164720,9
1878555,164720,10
1878556,164720,0
1878556,164720,1
1878556,164720,2
1878557,164720,0
1878557,164720,1
1878557,164720,2
1878557,164720,3
1878557,164720,4
1878558,164720,0
1878558,164720,1
1878558,164720,2
1878558,164720,3
1878558,164720,4
1878558,164720,5
1878558,164720,6
1878558,164720,7
1878558,164720,8
1878558,164720,9
1878558,164720,10
1878558,164720,11
1878558,164720,12
1878558,164720,13
1878558,164720,14
1878559,164720,0
1878559,164720,1
1878559,164720,2
1878559,164720,3
1878559,164720,4
1878559,164720,5
1878559,164720,6
1878559,164720,7
1878559,164720,8
1878559,164720,9
1878559,164720,10
1878559,164720,11
1878559,164720,12
1878559,164720,13
1878649,164720,0
1878649,164720,1
1878649,164720,2
1878649,164720,3
1878649,164720,4
1878649,164720,5
1878649,164720,6
1878649,164720,7
1878650,164720,0
1878650,164720,1
1878650,164720,2
1878650,164720,3
1878650,164720,4
1878650,164720,5
1878650,164720,6
1878650,164720,7
1878650,164720,8
1878650,164720,9
1878650,164720,10
1878650,164720,11
1878650,164720,12
1878650,164720,13
1878650,164720,14
1878651,164720,0
1878651,164720,1
1878651,164720,2
1878651,164720,3
1878651,164720,4
1878651,164720,5
1878651,164720,6
1878651,164720,7
1878651,164720,8
1878651,164720,9
1878651,164720,10
1878651,164720,11
1878651,164720,12
1878651,164720,13
1878651,164720,14
1878652,164720,0
1878653,164720,0
1878653,164720,1
1878653,164720,2
1878653,164720,3
1878653,164720,4
1878653,164720,5
1878653,164720,6
1878653,164720,7
1878653,164720,8
1878653,164720,9
1878653,164720,10
1878653,164720,11
1878653,164720,12
1878654,164720,0
1878654,164720,1
1878654,164720,2
1878655,164720,0
1878655,164720,1
1878655,164720,2
1878656,164720,0
1878656,164720,1
1878656,164720,2
1878656,164720,3
1878656,164720,4
1878656,164720,5
1878656,164720,6
1878749,164720,0
1878749,164720,1
1878749,164720,2
1878849,164720,0
1878849,164720,1
1878849,164720,2
1878849,164720,3
1878849,164720,4
1878849,164720,5
1878849,164720,6
1878849,164720,7
1878849,164720,8
1878849,164720,9
1878849,164720,10
1878849,164720,11
1878850,164720,0
1878850,164720,1
1878850,164720,2
1878850,164720,3
1878850,164720,4
1878850,164720,5
1878850,164720,6
1878851,164720,0
1878851,164720,1
1878851,164720,2
1878851,164720,3
1878851,164720,4
1878851,164720,5
1878851,164720,6
1878851,164720,7
1878851,164720,8
1878851,164720,9
1878851,164720,10
1878851,164720,11
1878851,164720,12
1878851,164720,13
1878852,164720,0
1878852,164720,1
1878852,164720,2
1878852,164720,3
1878852,164720,4
1878852,164720,5
1878852,164720,6
1878852,164720,7
1878852,164720,8
1878852,164720,9
1878852,164720,10
1878852,164720,11
1878852,164720,12
1878853,164720,0
1878853,164720,1
1878853,164720,2
1878853,164720,3
1878853,164720,4
1878853,164720,5
1878853,164720,6
1878853,164720,7
1878853,164720,8
1878853,164720,9
1878853,164720,10
1878853,164720,11
1878853,164720,12
1878854,164720,0
1878854,164720,1
1878854,164720,2
1878854,164720,3
1878854,164720,4
1878854,164720,5
1878854,164720,6
1878854,164720,7
1878854,164720,8
1878854,164720,9
1878854,164720,10
1878854,164720,11
1878855,164720,0
1878855,164720,1
1878855,164720,2
1878855,164720,3
1878855,164720,4
1878855,164720,5
1878855,164720,6
1878855,164720,7
1878855,164720,8
1878855,164720,9
1878856,164720,0
1878856,164720,1
1878856,164720,2
1878856,164720,3
1878856,164720,4
1878856,164720,5
1878856,164720,6
1878856,164720,7
1878856,164720,8
1878856,164720,9
1878857,164720,0
1878857,164720,1
1878857,164720,2
1878857,164720,3
1878857,164720,4
1878857,164720,5
1878857,164720,6
1878857,164720,7
1878857,164720,8
1878857,164720,9
1878857,164720,10
1878857,164720,11
1878857,164720,12
1878858,164720,0
1878859,164720,0
1878859,164720,1
1878859,164720,2
1878860,164720,0
1878860,164720,1
1878860,164720,2
1878861,164720,0
1878861,164720,1
1878861,164720,2
1878862,164720,0
1878862,164720,1
1878862,164720,2
1878862,164720,3
1878862,164720,4
1878862,164720,5
1878862,164720,6
1878862,164720,7
1878862,164720,8
1878862,164720,9
1878862,164720,10
1878862,164720,11
1878863,164720,0
1878863,164720,1
1878863,164720,2
1878864,164720,0
1878864,164720,1
1878864,164720,2
1878864,164720,3
1878864,164720,4
1878864,164720,5
1878864,164720,6
1878864,164720,7
1878864,164720,8
1878865,164720,0
1878865,164720,1
1878865,164720,2
1878865,164720,3
1878865,164720,4
1878865,164720,5
1878865,164720,6
1878865,164720,7
1878865,164720,8
1878865,164720,9
1878865,164720,10
1878866,164720,0
1878866,164720,1
1878866,164720,2
1878866,164720,3
1878866,164720,4
1878866,164720,5
1878866,164720,6
1878866,164720,7
1878866,164720,8
1878866,164720,9
1878867,164720,0
1878867,164720,1
1878867,164720,2
1878868,164720,0
1878868,164720,1
1878868,164720,2
1878868,164720,3
1878868,164720,4
1878868,164720,5
1878868,164720,6
1878868,164720,7
1878868,164720,8
1878868,164720,9
1878868,164720,10
1878868,164720,11
1878869,164720,0
1878869,164720,1
1878869,164720,2
1878869,164720,3
1878869,164720,4
1878869,164720,5
1878869,164720,6
1878869,164720,7
1878869,164720,8
1878869,164720,9
1878869,164720,10
1883175,164720,0
1886179,164720,0
1886179,164720,1
1886180,164720,0
1886180,164720,1
1886181,164720,0
1886181,164720,1
1886182,164720,0
1886182,164720,1
1886183,164720,0
1886183,164720,1
1886184,164720,0
1886184,164720,1
1886185,164720,0
1886185,164720,1
1886186,164720,0
1886186,164720,1
1886187,164720,0
1886187,164720,1
1886188,164720,0
1886188,164720,1
1886189,164720,0
1886189,164720,1
1886190,164720,0
1886190,164720,1
1886191,164720,0
1886191,164720,1
1886192,164720,0
1886192,164720,1
1886193,164720,0
1886193,164720,1
1886194,164720,0
1886194,164720,1
1886195,164720,0
1886195,164720,1
1886196,164720,0
1886196,164720,1
1886197,164720,0
1886197,164720,1
1886198,164720,0
1886198,164720,1
1886199,164720,0
1886199,164720,1
1886200,164720,0
1886200,164720,1
1886201,164720,0
1886201,164720,1
1886202,164720,0
1886202,164720,1
1886203,164720,0
1886203,164720,1
1886204,164720,0
1886204,164720,1
1886205,164720,0
1886205,164720,1
1886206,164720,0
1886206,164720,1
1886207,164720,0
1886207,164720,1
1886208,164720,0
1886208,164720,1
1886209,164720,0
1886209,164720,1
1886210,164720,0
1886210,164720,1
1886211,164720,0
1886211,164720,1
1886212,164720,0
1886212,164720,1
1886213,164720,0
1886213,164720,1
1886214,164720,0
1886214,164720,1
1886215,164720,0
1886215,164720,1
1886216,164720,0
1886216,164720,1
1886217,164720,0
1886217,164720,1
1886218,164720,0
1886218,164720,1
1886219,164720,0
1886219,164720,1
1886220,164720,0
1886220,164720,1
1886221,164720,0
1886221,164720,1
1886222,164720,0
1886222,164720,1
1886223,164720,0
1886223,164720,1
1886224,164720,0
1886224,164720,1
1886225,164720,0
1886225,164720,1
1886226,164720,0
1886226,164720,1
1886227,164720,0
1886227,164720,1
1886228,164720,0
1886228,164720,1
1886229,164720,0
1886229,164720,1
1886230,164720,0
1886230,164720,1
1886231,164720,0
1886231,164720,1
1886232,164720,0
1886232,164720,1
1886233,164720,0
1886233,164720,1
1886234,164720,0
1886234,164720,1
1886235,164720,0
1886235,164720,1
1886236,164720,0
1886236,164720,1
1886237,164720,0
1886237,164720,1
1886238,164720,0
1886238,164720,1
1886239,164720,0
1886239,164720,1
1886240,164720,0
1886240,164720,1
1886241,164720,0
1886241,164720,1
1886242,164720,0
1886242,164720,1
1886243,164720,0
1886243,164720,1
1886244,164720,0
1886244,164720,1
1886245,164720,0
1886245,164720,1
1886246,164720,0
1886246,164720,1
1886247,164720,0
1886247,164720,1
1886248,164720,0
1886248,164720,1
1886249,164720,0
1886249,164720,1
1886250,164720,0
1886250,164720,1
1886251,164720,0
1886251,164720,1
1886252,164720,0
1886252,164720,1
1886253,164720,0
1886253,164720,1
1886254,164720,0
1886254,164720,1
1886255,164720,0
1886255,164720,1
1886256,164720,0
1886256,164720,1
1886257,164720,0
1886257,164720,1
1886258,164720,0
1886258,164720,1
1886259,164720,0
1886259,164720,1
1886260,164720,0
1886260,164720,1
1886261,164720,0
1886261,164720,1
1886262,164720,0
1886262,164720,1
1886263,164720,0
1886263,164720,1
1886264,164720,0
1886264,164720,1
1886265,164720,0
1886265,164720,1
1886266,164720,0
1886266,164720,1
1886267,164720,0
1886267,164720,1
1886268,164720,0
1886268,164720,1
1886269,164720,0
1886269,164720,1
1886270,164720,0
1886270,164720,1
1886271,164720,0
1886271,164720,1
1886272,164720,0
1886272,164720,1
1886273,164720,0
1886273,164720,1
1886274,164720,0
1886274,164720,1
1886275,164720,0
1886275,164720,1
1886276,164720,0
1886276,164720,1
1886277,164720,0
1886277,164720,1
1886278,164720,0
1886278,164720,1
1886379,164720,0
1886379,164720,1
1886380,164720,0
1886380,164720,1
1886381,164720,0
1886381,164720,1
1886382,164720,0
1886382,164720,1
1886383,164720,0
1886383,164720,1
1886384,164720,0
1886384,164720,1
1886385,164720,0
1886385,164720,1
1886386,164720,0
1886386,164720,1
1886387,164720,0
1886387,164720,1
1886388,164720,0
1886388,164720,1
1886389,164720,0
1886389,164720,1
1886390,164720,0
1886390,164720,1
1886391,164720,0
1886391,164720,1
1886392,164720,0
1886392,164720,1
1886393,164720,0
1886393,164720,1
1886394,164720,0
1886394,164720,1
1886395,164720,0
1886395,164720,1
1886396,164720,0
1886396,164720,1
1886397,164720,0
1886397,164720,1
1886398,164720,0
1886398,164720,1
1886399,164720,0
1886399,164720,1
1886400,164720,0
1886400,164720,1
1886401,164720,0
1886401,164720,1
1886402,164720,0
1886402,164720,1
1886403,164720,0
1886403,164720,1
1886404,164720,0
1886404,164720,1
1886405,164720,0
1886405,164720,1
1886406,164720,0
1886406,164720,1
1886407,164720,0
1886407,164720,1
1886408,164720,0
1886408,164720,1
1886409,164720,0
1886409,164720,1
1886410,164720,0
1886410,164720,1
1886411,164720,0
1886411,164720,1
1886412,164720,0
1886412,164720,1
1886413,164720,0
1886413,164720,1
1886414,164720,0
1886414,164720,1
1886415,164720,0
1886415,164720,1
1886416,164720,0
1886416,164720,1
1886417,164720,0
1886417,164720,1
1886418,164720,0
1886418,164720,1
1886419,164720,0
1886419,164720,1
1886420,164720,0
1886420,164720,1
1886421,164720,0
1886421,164720,1
1886422,164720,0
1886422,164720,1
1886423,164720,0
1886423,164720,1
1886424,164720,0
1886424,164720,1
1886425,164720,0
1886425,164720,1
1886426,164720,0
1886426,164720,1
1886427,164720,0
1886427,164720,1
1886428,164720,0
1886428,164720,1
1886429,164720,0
1886429,164720,1
1886430,164720,0
1886430,164720,1
1886431,164720,0
1886431,164720,1
1886432,164720,0
1886432,164720,1
1886433,164720,0
1886433,164720,1
1886434,164720,0
1886434,164720,1
1886435,164720,0
1886435,164720,1
1886436,164720,0
1886436,164720,1
1886437,164720,0
1886437,164720,1
1886438,164720,0
1886438,164720,1
1886439,164720,0
1886439,164720,1
1886440,164720,0
1886440,164720,1
1886441,164720,0
1886441,164720,1
1886442,164720,0
1886442,164720,1
1886443,164720,0
1886443,164720,1
1886444,164720,0
1886444,164720,1
1886445,164720,0
1886445,164720,1
1886446,164720,0
1886446,164720,1
1886447,164720,0
1886447,164720,1
1886448,164720,0
1886448,164720,1
1886449,164720,0
1886449,164720,1
1886450,164720,0
1886450,164720,1
1886451,164720,0
1886451,164720,1
1886452,164720,0
1886452,164720,1
1886453,164720,0
1886453,164720,1
1886454,164720,0
1886454,164720,1
1886455,164720,0
1886455,164720,1
1886456,164720,0
1886456,164720,1
1886457,164720,0
1886457,164720,1
1886458,164720,0
1886458,164720,1
1886459,164720,0
1886459,164720,1
1886460,164720,0
1886460,164720,1
1886461,164720,0
1886461,164720,1
1886462,164720,0
1886462,164720,1
1886463,164720,0
1886463,164720,1
1886464,164720,0
1886464,164720,1
1886465,164720,0
1886465,164720,1
1886466,164720,0
1886466,164720,1
1886467,164720,0
1886467,164720,1
1886468,164720,0
1886468,164720,1
1886469,164720,0
1886469,164720,1
1886470,164720,0
1886470,164720,1
1886471,164720,0
1886471,164720,1
1886472,164720,0
1886472,164720,1
1886473,164720,0
1886473,164720,1
1886474,164720,0
1886474,164720,1
1886475,164720,0
1886475,164720,1
1886476,164720,0
1886476,164720,1
1886477,164720,0
1886477,164720,1
1886478,164720,0
1886478,164720,1
1886779,164720,0
1886779,164720,1
1886780,164720,0
1886780,164720,1
1886781,164720,0
1886781,164720,1
1886782,164720,0
1886782,164720,1
1886783,164720,0
1886783,164720,1
1886784,164720,0
1886784,164720,1
1886785,164720,0
1886785,164720,1
1886786,164720,0
1886786,164720,1
1886787,164720,0
1886787,164720,1
1886788,164720,0
1886788,164720,1
1886789,164720,0
1886789,164720,1
1886790,164720,0
1886790,164720,1
1886791,164720,0
1886791,164720,1
1886792,164720,0
1886792,164720,1
1886793,164720,0
1886793,164720,1
1886794,164720,0
1886794,164720,1
1886795,164720,0
1886795,164720,1
1886796,164720,0
1886796,164720,1
1886797,164720,0
1886797,164720,1
1886798,164720,0
1886798,164720,1
1886799,164720,0
1886799,164720,1
1886800,164720,0
1886800,164720,1
1886801,164720,0
1886801,164720,1
1886802,164720,0
1886802,164720,1
1886803,164720,0
1886803,164720,1
1886804,164720,0
1886804,164720,1
1886805,164720,0
1886805,164720,1
1886806,164720,0
1886806,164720,1
1886807,164720,0
1886807,164720,1
1886808,164720,0
1886808,164720,1
1886809,164720,0
1886809,164720,1
1886810,164720,0
1886810,164720,1
1886811,164720,0
1886811,164720,1
1886812,164720,0
1886812,164720,1
1886813,164720,0
1886813,164720,1
1886814,164720,0
1886814,164720,1
1886815,164720,0
1886815,164720,1
1886816,164720,0
1886816,164720,1
1886817,164720,0
1886817,164720,1
1886818,164720,0
1886818,164720,1
1886819,164720,0
1886819,164720,1
1886820,164720,0
1886820,164720,1
1886821,164720,0
1886821,164720,1
1886822,164720,0
1886822,164720,1
1886823,164720,0
1886823,164720,1
1886824,164720,0
1886824,164720,1
1886825,164720,0
1886825,164720,1
1886826,164720,0
1886826,164720,1
1886827,164720,0
1886827,164720,1
1886828,164720,0
1886828,164720,1
1886829,164720,0
1886829,164720,1
1886830,164720,0
1886830,164720,1
1886831,164720,0
1886831,164720,1
1886832,164720,0
1886832,164720,1
1886833,164720,0
1886833,164720,1
1886834,164720,0
1886834,164720,1
1886835,164720,0
1886835,164720,1
1886836,164720,0
1886836,164720,1
1886837,164720,0
1886837,164720,1
1886838,164720,0
1886838,164720,1
1886839,164720,0
1886839,164720,1
1886840,164720,0
1886840,164720,1
1886841,164720,0
1886841,164720,1
1886842,164720,0
1886842,164720,1
1886843,164720,0
1886843,164720,1
1886844,164720,0
1886844,164720,1
1886845,164720,0
1886845,164720,1
1886846,164720,0
1886846,164720,1
1886847,164720,0
1886847,164720,1
1886848,164720,0
1886848,164720,1
1886849,164720,0
1886849,164720,1
1886850,164720,0
1886850,164720,1
1886851,164720,0
1886851,164720,1
1886852,164720,0
1886852,164720,1
1886853,164720,0
1886853,164720,1
1886854,164720,0
1886854,164720,1
1886855,164720,0
1886855,164720,1
1886856,164720,0
1886856,164720,1
1886857,164720,0
1886857,164720,1
1886858,164720,0
1886858,164720,1
1886859,164720,0
1886859,164720,1
1886860,164720,0
1886860,164720,1
1886861,164720,0
1886861,164720,1
1886862,164720,0
1886862,164720,1
1886863,164720,0
1886863,164720,1
1886864,164720,0
1886864,164720,1
1886865,164720,0
1886865,164720,1
1886866,164720,0
1886866,164720,1
1886867,164720,0
1886867,164720,1
1886868,164720,0
1886868,164720,1
1886869,164720,0
1886869,164720,1
1886870,164720,0
1886870,164720,1
1886871,164720,0
1886871,164720,1
1886872,164720,0
1886872,164720,1
1886873,164720,0
1886873,164720,1
1886874,164720,0
1886874,164720,1
1886875,164720,0
1886875,164720,1
1886876,164720,0
1886876,164720,1
1886877,164720,0
1886877,164720,1
1886878,164720,0
1886878,164720,1
1887779,164720,0
1887779,164720,1
1887780,164720,0
1887780,164720,1
1887781,164720,0
1887781,164720,1
1887782,164720,0
1887782,164720,1
1887783,164720,0
1887783,164720,1
1887784,164720,0
1887784,164720,1
1887785,164720,0
1887785,164720,1
1887786,164720,0
1887786,164720,1
1887787,164720,0
1887787,164720,1
1887788,164720,0
1887788,164720,1
1887789,164720,0
1887789,164720,1
1887790,164720,0
1887790,164720,1
1887791,164720,0
1887791,164720,1
1887792,164720,0
1887792,164720,1
1887793,164720,0
1887793,164720,1
1887794,164720,0
1887794,164720,1
1887795,164720,0
1887795,164720,1
1887796,164720,0
1887796,164720,1
1893848,164720,0
1894352,164720,0
1894355,164720,0
1896161,164720,0
1896161,164720,1
1896161,164720,2
1896161,164720,3
1896161,164720,4
1896161,164720,5
1896161,164720,6
1896161,164720,7
1896161,164720,8
1896161,164720,9
1896161,164720,10
1910293,164720,0
1910293,164720,1
1910293,164720,2
1910293,164720,3
1910293,164720,4
1910293,164720,5
1910293,164720,6
1910293,164720,7
1910293,164720,8
1910293,164720,9
1910293,164720,10
1910293,164720,11
1910294,164720,0
1910384,164720,0
1910384,164720,1
1910384,164720,2
1910384,164720,3
1910384,164720,4
1910384,164720,5
1910384,164720,6
1910384,164720,7
1910385,164720,0
1910385,164720,1
1910385,164720,2
1910386,164720,0
1910386,164720,1
1910387,164720,0
1910387,164720,1
1910387,164720,2
1910387,164720,3
1910387,164720,4
1910387,164720,5
1910387,164720,6
1910387,164720,7
1910387,164720,8
1910388,164720,0
1910388,164720,1
1910388,164720,2
1910388,164720,3
1910388,164720,4
1910388,164720,5
1910388,164720,6
1910388,164720,7
1910388,164720,8
1910388,164720,9
1910388,164720,10
1910388,164720,11
1910388,164720,12
1910389,164720,0
1910389,164720,1
1910390,164720,0
1910390,164720,1
1910390,164720,2
1910390,164720,3
1910390,164720,4
1910390,164720,5
1910390,164720,6
1910390,164720,7
1910390,164720,8
1910390,164720,9
1910390,164720,10
1910390,164720,11
1910390,164720,12
1910391,164720,0
1910391,164720,1
1910391,164720,2
1910694,164720,0
1910694,164720,1
1910694,164720,26
1910694,164720,2
1910694,164720,3
1910694,164720,4
1910694,164720,5
1910694,164720,6
1910694,164720,7
1910694,164720,8
1910694,164720,9
1910694,164720,10
1910694,164720,11
1910694,164720,12
1910694,164720,13
1910694,164720,14
1910694,164720,15
1910694,164720,16
1910694,164720,17
1910694,164720,18
1910694,164720,19
1910694,164720,20
1910694,164720,21
1910694,164720,22
1910694,164720,23
1910695,164720,0
1910695,164720,1
1910695,164720,2
1910695,164720,3
1910695,164720,4
1910695,164720,5
1910695,164720,6
1910695,164720,7
1910695,164720,8
1910695,164720,9
1910695,164720,10
1910695,164720,11
1910695,164720,12
1910695,164720,13
1910695,164720,14
1910696,164720,0
1910696,164720,1
1910696,164720,2
1910696,164720,3
1910696,164720,4
1910696,164720,5
1910696,164720,6
1910696,164720,7
1910696,164720,8
1910696,164720,9
1910696,164720,10
1910696,164720,11
1910696,164720,12
1910697,164720,0
1910697,164720,1
1910698,164720,0
1910698,164720,1
1910698,164720,2
1910698,164720,3
1910698,164720,4
1910698,164720,5
1910698,164720,6
1910698,164720,7
1910698,164720,8
1910698,164720,9
1910698,164720,10
1910698,164720,11
1910698,164720,12
1910699,164720,0
1910700,164720,0
1910700,164720,1
1910700,164720,2
1910700,164720,3
1910700,164720,4
1910700,164720,5
1910700,164720,6
1910700,164720,7
1910700,164720,8
1910700,164720,9
1910700,164720,10
1910700,164720,11
1910700,164720,12
1910700,164720,13
1910700,164720,14
1910700,164720,15
1910700,164720,16
1910700,164720,17
1910701,164720,0
1910701,164720,1
1910787,164720,0
1910787,164720,1
1910787,164720,2
1910787,164720,3
1910787,164720,4
1910787,164720,5
1910787,164720,6
1910787,164720,7
1910787,164720,8
1910787,164720,9
1910787,164720,10
1910787,164720,11
1910787,164720,12
1910787,164720,13
1910788,164720,0
1910788,164720,1
1910788,164720,2
1910788,164720,3
1910788,164720,4
1910788,164720,5
1910788,164720,6
1910788,164720,7
1910788,164720,8
1910788,164720,9
1910788,164720,10
1910789,164720,0
1910789,164720,1
1910789,164720,2
1910789,164720,3
1910789,164720,4
1910789,164720,5
1910789,164720,6
1910789,164720,7
1910789,164720,8
1910789,164720,9
1910789,164720,10
1910789,164720,11
1910789,164720,12
1910789,164720,13
1910790,164720,0
1910790,164720,1
1910790,164720,2
1910790,164720,3
1910790,164720,4
1910790,164720,5
1910790,164720,6
1910790,164720,7
1910790,164720,8
1910790,164720,9
1910790,164720,10
1910790,164720,11
1910790,164720,12
1910790,164720,13
1910790,164720,14
1910791,164720,0
1910791,164720,1
1910791,164720,2
1910791,164720,3
1910791,164720,4
1910791,164720,5
1910791,164720,6
1910791,164720,7
1910791,164720,8
1910791,164720,9
1910791,164720,10
1910792,164720,0
1910792,164720,1
1910792,164720,2
1910793,164720,0
1910793,164720,1
1910793,164720,2
1910793,164720,3
1910793,164720,4
1910793,164720,5
1910793,164720,6
1910793,164720,7
1910793,164720,8
1910793,164720,9
1910793,164720,10
1910793,164720,11
1910793,164720,12
1910793,164720,13
1910793,164720,14
1910794,164720,0
1910794,164720,1
1910794,164720,2
1910886,164720,0
1910886,164720,1
1910886,164720,2
1910886,164720,3
1910886,164720,4
1910886,164720,5
1910886,164720,6
1910886,164720,7
1910886,164720,8
1910887,164720,0
1910887,164720,1
1910887,164720,2
1910887,164720,3
1910887,164720,4
1910887,164720,5
1910887,164720,6
1910887,164720,7
1910887,164720,8
1910887,164720,9
1910887,164720,10
1910887,164720,11
1910888,164720,0
1910888,164720,1
1910888,164720,2
1910888,164720,3
1910888,164720,4
1910888,164720,5
1910888,164720,6
1910888,164720,7
1910888,164720,8
1910888,164720,9
1910888,164720,10
1910888,164720,11
1910889,164720,0
1910889,164720,1
1910889,164720,2
1910890,164720,0
1910890,164720,1
1910891,164720,0
1910891,164720,1
1910891,164720,2
1910892,164720,0
1910892,164720,1
1910892,164720,2
1910892,164720,3
1910892,164720,4
1910892,164720,5
1910892,164720,6
1910892,164720,7
1910892,164720,8
1910892,164720,9
1910892,164720,10
1910892,164720,11
1910893,164720,0
1910893,164720,1
1910893,164720,2
1910893,164720,3
1910893,164720,4
1910893,164720,5
1910893,164720,6
1910893,164720,7
1910893,164720,8
1910893,164720,9
1910893,164720,10
1910894,164720,0
1910894,164720,1
1910894,164720,2
1910894,164720,3
1910894,164720,4
1910894,164720,5
1910894,164720,6
1910894,164720,7
1910894,164720,8
1910894,164720,9
1910894,164720,10
1910895,164720,0
1910895,164720,1
1910895,164720,2
1910895,164720,3
1910896,164720,0
1910896,164720,1
1910896,164720,2
1910896,164720,3
1910896,164720,4
1910896,164720,5
1910896,164720,6
1910896,164720,7
1910896,164720,8
1910896,164720,9
1910896,164720,10
1910896,164720,11
1910896,164720,12
1910896,164720,13
1910896,164720,14
1910896,164720,15
1910896,164720,16
1910896,164720,17
1910897,164720,0
1910897,164720,16
1910897,164720,17
1910897,164720,1
1910897,164720,2
1910897,164720,3
1910897,164720,4
1910897,164720,5
1910897,164720,6
1910897,164720,7
1910897,164720,8
1910897,164720,9
1910897,164720,10
1910897,164720,11
1910897,164720,12
1910897,164720,13
1910898,164720,0
1910898,164720,1
1910898,164720,2
1910898,164720,3
1910898,164720,4
1910898,164720,5
1910898,164720,6
1910898,164720,7
1910898,164720,8
1910899,164720,0
1910899,164720,1
1910899,164720,2
1910899,164720,3
1910899,164720,4
1910899,164720,5
1910899,164720,6
1910899,164720,7
1910900,164720,0
1910900,164720,1
1910900,164720,2
1910900,164720,3
1910900,164720,4
1910900,164720,5
1910900,164720,6
1910901,164720,0
1910901,164720,1
1910901,164720,2
1910901,164720,3
1910901,164720,4
1910901,164720,5
1910901,164720,6
1910901,164720,7
1910901,164720,8
1910901,164720,9
1910901,164720,10
1910901,164720,11
1910901,164720,12
1910902,164720,0
1910902,164720,1
1910902,164720,2
1910903,164720,0
1910903,164720,1
1910903,164720,2
1910903,164720,3
1910903,164720,4
1910903,164720,5
1910903,164720,6
1910903,164720,7
1910903,164720,8
1910903,164720,9
1910903,164720,10
1910904,164720,0
1910904,164720,1
1910904,164720,2
1910904,164720,3
1910904,164720,4
1910904,164720,5
1910904,164720,6
1910904,164720,7
1910904,164720,8
1910904,164720,9
1910905,164720,0
1910905,164720,1
1910905,164720,2
1910905,164720,3
1910905,164720,4
1910905,164720,5
1910905,164720,6
1910905,164720,7
1910905,164720,8
1910905,164720,9
1910905,164720,10
1910905,164720,11
1910906,164720,0
1910906,164720,1
1910906,164720,2
1910907,164720,0
1910907,164720,1
1910907,164720,2
1910907,164720,3
1910907,164720,4
1910907,164720,5
1910907,164720,6
1910907,164720,7
1910907,164720,8
1910907,164720,9
1910907,164720,10
1910907,164720,11
1910907,164720,12
1910907,164720,13
1910908,164720,0
1910908,164720,1
1910908,164720,2
1910908,164720,3
1910908,164720,4
1910908,164720,5
1910908,164720,6
1910908,164720,7
1910908,164720,8
1910909,164720,0
1910909,164720,1
1910909,164720,2
1910909,164720,3
1910909,164720,4
1910909,164720,5
1910909,164720,6
1910909,164720,7
1910909,164720,8
1910909,164720,9
1910909,164720,10
1912184,164720,0
1912184,164720,1
1912185,164720,0
1912185,164720,1
1912185,164720,2
1912185,164720,3
1912185,164720,4
1912185,164720,5
1912185,164720,6
1912185,164720,7
1912185,164720,8
1912186,164720,0
1912186,164720,1
1912186,164720,2
1912187,164720,0
1912187,164720,1
1912188,164720,0
1912188,164720,1
1912188,164720,2
1912188,164720,3
1912188,164720,4
1912188,164720,5
1912188,164720,6
1912188,164720,7
1912188,164720,8
1912188,164720,9
1912188,164720,10
1912188,164720,11
1912188,164720,12
1912188,164720,13
1912188,164720,14
1912189,164720,0
1912189,164720,1
1912189,164720,2
1912189,164720,3
1912189,164720,4
1912189,164720,5
1912189,164720,6
1912189,164720,7
1912189,164720,8
1912189,164720,9
1912189,164720,10
1912190,164720,0
1912190,164720,1
1912190,164720,2
1912190,164720,3
1912190,164720,4
1912190,164720,5
1912190,164720,6
1912190,164720,7
1912190,164720,8
1912190,164720,9
1912190,164720,10
1912190,164720,11
1912190,164720,12
1912190,164720,13
1912191,164720,0
1912191,164720,1
1912191,164720,2
1912191,164720,3
1912191,164720,4
1912191,164720,5
1912191,164720,6
1912191,164720,7
1912191,164720,8
1912191,164720,9
1912191,164720,10
1912191,164720,11
1912191,164720,12
1912192,164720,0
1912192,164720,1
1912192,164720,2
1912192,164720,3
1912192,164720,4
1912192,164720,5
1912192,164720,6
1912192,164720,7
1912192,164720,8
1912192,164720,9
1912192,164720,10
1912192,164720,11
1912193,164720,0
1912193,164720,1
1912194,164720,0
1912194,164720,1
1912194,164720,2
1912195,164720,0
1912195,164720,1
1912195,164720,2
1912195,164720,3
1912195,164720,4
1912195,164720,5
1912195,164720,6
1912195,164720,7
1912195,164720,8
1912195,164720,9
1912195,164720,10
1912196,164720,0
1912196,164720,1
1912196,164720,2
1912196,164720,3
1912196,164720,4
1912197,164720,0
1912197,164720,1
1912197,164720,2
1912198,164720,0
1912198,164720,1
1912198,164720,2
1912198,164720,3
1912198,164720,4
1912198,164720,5
1912198,164720,6
1912198,164720,7
1912198,164720,8
1912198,164720,9
1912198,164720,10
1912198,164720,11
1912198,164720,12
1912198,164720,13
1912199,164720,0
1912199,164720,1
1912199,164720,2
1912199,164720,3
1912199,164720,4
1912199,164720,5
1912199,164720,6
1912199,164720,7
1912199,164720,8
1912199,164720,9
1912199,164720,10
1912199,164720,11
1912199,164720,12
1912284,164720,0
1912284,164720,1
1912285,164720,0
1912285,164720,1
1912285,164720,2
1912285,164720,3
1912285,164720,4
1912285,164720,5
1912285,164720,6
1912285,164720,7
1912285,164720,8
1912285,164720,9
1912285,164720,10
1912285,164720,11
1912285,164720,12
1912285,164720,13
1912286,164720,0
1912286,164720,1
1912286,164720,2
1912286,164720,3
1912286,164720,4
1912286,164720,5
1912286,164720,6
1912286,164720,7
1912286,164720,8
1912286,164720,9
1912287,164720,0
1912287,164720,1
1912287,164720,2
1912287,164720,3
1912287,164720,4
1912287,164720,5
1912287,164720,6
1912287,164720,7
1912287,164720,8
1912288,164720,0
1912288,164720,1
1912288,164720,2
1912288,164720,3
1912288,164720,4
1912288,164720,5
1912288,164720,6
1912288,164720,7
1912289,164720,0
1912289,164720,1
1912289,164720,2
1912289,164720,3
1912289,164720,4
1912289,164720,5
1912289,164720,6
1912289,164720,7
1912289,164720,8
1912289,164720,9
1912289,164720,10
1912289,164720,11
1912289,164720,12
1912290,164720,0
1912290,164720,1
1912290,164720,2
1912291,164720,0
1912292,164720,0
1912292,164720,1
1912292,164720,2
1912292,164720,3
1912292,164720,4
1912292,164720,5
1912292,164720,6
1912292,164720,7
1912292,164720,8
1912292,164720,9
1912293,164720,0
1912293,164720,1
1912293,164720,2
1912293,164720,3
1912293,164720,4
1912293,164720,5
1912293,164720,6
1912293,164720,7
1912293,164720,8
1912293,164720,9
1912293,164720,10
1912293,164720,11
1912293,164720,12
1912294,164720,0
1912294,164720,1
1912294,164720,2
1912294,164720,3
1912294,164720,4
1912294,164720,5
1912294,164720,6
1912294,164720,7
1912294,164720,8
1912294,164720,9
1912294,164720,10
1912294,164720,11
1912294,164720,12
1912295,164720,0
1912295,164720,1
1912295,164720,2
1912295,164720,3
1912295,164720,4
1912295,164720,5
1912295,164720,6
1912295,164720,7
1912295,164720,8
1912295,164720,9
1912295,164720,10
1912295,164720,11
1912295,164720,12
1912296,164720,0
1912296,164720,1
1912296,164720,2
1912296,164720,3
1912296,164720,4
1912296,164720,5
1912296,164720,6
1912296,164720,7
1912296,164720,8
1912296,164720,9
1912296,164720,10
1912296,164720,11
1912296,164720,12
1912296,164720,13
1912297,164720,0
1912297,164720,1
1912297,164720,2
1912297,164720,3
1912297,164720,4
1912297,164720,5
1912297,164720,6
1912297,164720,7
1912297,164720,8
1912297,164720,9
1912297,164720,10
1912297,164720,11
1912297,164720,12
1912298,164720,0
1912298,164720,1
1912298,164720,2
1912298,164720,3
1912298,164720,4
1912298,164720,5
1912298,164720,6
1912298,164720,7
1912298,164720,8
1912298,164720,9
1912298,164720,10
1912298,164720,11
1912298,164720,12
1912298,164720,13
1912298,164720,14
1912298,164720,15
1912299,164720,0
1912299,164720,1
1912299,164720,2
1912299,164720,3
1912299,164720,4
1912299,164720,5
1912299,164720,6
1912299,164720,7
1912299,164720,8
1912299,164720,9
1912299,164720,10
1912299,164720,11
1912299,164720,12
1912299,164720,13
1912299,164720,14
1912384,164720,0
1912384,164720,1
1912384,164720,2
1912384,164720,3
1912384,164720,4
1912384,164720,5
1912384,164720,6
1912384,164720,7
1912384,164720,8
1912384,164720,9
1912384,164720,10
1912384,164720,11
1912384,164720,12
1912384,164720,13
1912385,164720,0
1912385,164720,1
1912385,164720,2
1912385,164720,3
1912385,164720,4
1912385,164720,5
1912385,164720,6
1912385,164720,7
1912385,164720,8
1912385,164720,9
1912386,164720,0
1912386,164720,1
1912386,164720,2
1912387,164720,0
1912388,164720,0
1912388,164720,1
1912388,164720,2
1912388,164720,3
1912388,164720,4
1912388,164720,5
1912388,164720,6
1912388,164720,7
1912388,164720,8
1912388,164720,9
1912388,164720,10
1912388,164720,11
1912388,164720,12
1912388,164720,13
1912389,164720,0
1912389,164720,1
1912389,164720,2
1912389,164720,3
1912389,164720,4
1912389,164720,5
1912389,164720,6
1912389,164720,7
1912389,164720,8
1912389,164720,9
1912389,164720,10
1912389,164720,11
1912389,164720,12
1912389,164720,13
1912389,164720,14
1912389,164720,15
1912389,164720,16
1912389,164720,17
1912390,164720,0
1912390,164720,1
1912391,164720,0
1912391,164720,1
1912391,164720,2
1912392,164720,0
1912392,164720,1
1912392,164720,2
1912392,164720,3
1912392,164720,4
1912392,164720,5
1912392,164720,6
1912392,164720,7
1912392,164720,8
1912392,164720,9
1912392,164720,10
1912392,164720,11
1912393,164720,0
1912393,164720,1
1912393,164720,2
1912393,164720,3
1912393,164720,4
1912393,164720,5
1912393,164720,6
1912393,164720,7
1912393,164720,8
1912393,164720,9
1912393,164720,10
1912393,164720,11
1912393,164720,12
1912393,164720,13
1912394,164720,0
1912394,164720,1
1912394,164720,2
1912394,164720,3
1912394,164720,4
1912394,164720,5
1912394,164720,6
1912394,164720,7
1912394,164720,8
1912394,164720,9
1912394,164720,10
1912394,164720,11
1912394,164720,12
1912394,164720,13
1912394,164720,14
1912394,164720,15
1912395,164720,0
1912395,164720,1
1912395,164720,2
1912395,164720,3
1912395,164720,4
1912395,164720,5
1912395,164720,6
1912395,164720,7
1912395,164720,8
1912395,164720,9
1912395,164720,10
1912395,164720,11
1912396,164720,0
1912396,164720,1
1912396,164720,2
1912396,164720,3
1912396,164720,4
1912396,164720,5
1912396,164720,6
1912396,164720,7
1912396,164720,8
1912396,164720,9
1912396,164720,10
1912396,164720,11
1912396,164720,12
1912396,164720,13
1912397,164720,0
1912397,164720,1
1912397,164720,2
1912397,164720,3
1912397,164720,4
1912397,164720,5
1912397,164720,6
1912397,164720,7
1912397,164720,8
1912397,164720,9
1912397,164720,10
1912397,164720,11
1912398,164720,0
1912398,164720,1
1912398,164720,2
1912399,164720,0
1912399,164720,1
1912399,164720,2
1912399,164720,3
1912399,164720,4
1912399,164720,5
1912399,164720,6
1912399,164720,7
1912399,164720,8
1912399,164720,9
1912399,164720,10
1912399,164720,11
1912399,164720,12
1912399,164720,13
1912484,164720,0
1912484,164720,1
1912484,164720,2
1912484,164720,3
1912484,164720,4
1912484,164720,5
1912484,164720,6
1912484,164720,7
1912484,164720,8
1912484,164720,9
1912485,164720,0
1912486,164720,0
1912486,164720,1
1912486,164720,2
1912486,164720,3
1912486,164720,4
1912486,164720,5
1912486,164720,6
1912486,164720,7
1912486,164720,8
1912486,164720,9
1912486,164720,10
1912486,164720,11
1912486,164720,12
1912486,164720,13
1912486,164720,14
1912487,164720,0
1912487,164720,1
1912487,164720,2
1912488,164720,0
1912489,164720,0
1912489,164720,1
1912489,164720,2
1912489,164720,3
1912489,164720,4
1912489,164720,5
1912489,164720,6
1912489,164720,7
1912489,164720,8
1912490,164720,0
1912490,164720,1
1912490,164720,2
1912490,164720,3
1912490,164720,4
1912490,164720,5
1912490,164720,6
1912490,164720,7
1912490,164720,8
1912490,164720,9
1912490,164720,10
1912490,164720,11
1912490,164720,12
1912490,164720,13
1912490,164720,14
1912491,164720,0
1912491,164720,1
1912491,164720,2
1912491,164720,3
1912491,164720,4
1912491,164720,5
1912491,164720,6
1912491,164720,7
1912491,164720,8
1912491,164720,9
1912491,164720,10
1912491,164720,11
1912491,164720,12
1912491,164720,13
1912491,164720,14
1912584,164720,0
1912584,164720,1
1912584,164720,2
1912584,164720,3
1912584,164720,4
1912584,164720,5
1912584,164720,6
1912584,164720,7
1912584,164720,8
1912584,164720,9
1912584,164720,10
1912584,164720,11
1912584,164720,12
1912585,164720,0
1912585,164720,1
1912585,164720,2
1912586,164720,0
1912586,164720,1
1912586,164720,2
1912586,164720,3
1912586,164720,4
1912586,164720,5
1912586,164720,6
1912586,164720,7
1912586,164720,8
1912586,164720,9
1912587,164720,0
1912587,164720,1
1912587,164720,2
1912588,164720,0
1912588,164720,1
1912589,164720,0
1912589,164720,1
1912589,164720,2
1912590,164720,0
1912684,164720,0
1912684,164720,1
1912684,164720,2
1912684,164720,3
1912684,164720,4
1912684,164720,5
1912684,164720,6
1912684,164720,7
1912684,164720,8
1912684,164720,9
1912684,164720,10
1912684,164720,11
1912684,164720,12
1912684,164720,13
1912684,164720,14
1912684,164720,15
1912684,164720,16
1912685,164720,0
1912685,164720,1
1912685,164720,2
1912685,164720,3
1912685,164720,4
1912685,164720,5
1912685,164720,6
1912685,164720,7
1912685,164720,8
1912685,164720,9
1912685,164720,10
1912685,164720,11
1912685,164720,12
1912685,164720,13
1912685,164720,14
1912686,164720,0
1912686,164720,1
1912686,164720,2
1912686,164720,3
1912686,164720,4
1912686,164720,5
1912686,164720,6
1912686,164720,7
1912686,164720,8
1912686,164720,9
1912686,164720,10
1912686,164720,11
1912686,164720,12
1912686,164720,13
1912687,164720,0
1912687,164720,1
1912687,164720,2
1912687,164720,3
1912687,164720,4
1912687,164720,5
1912687,164720,6
1912687,164720,7
1912687,164720,8
1912687,164720,9
1912687,164720,10
1912687,164720,11
1912687,164720,12
1912687,164720,13
1912688,164720,0
1912688,164720,1
1912689,164720,0
1912984,164720,0
1912984,164720,1
1912984,164720,2
1912985,164720,0
1912985,164720,1
1912985,164720,2
1912985,164720,3
1912985,164720,4
1912985,164720,5
1912985,164720,6
1912985,164720,7
1912985,164720,8
1912985,164720,9
1912985,164720,10
1912985,164720,11
1912986,164720,0
1912986,164720,1
1912986,164720,2
1912986,164720,3
1912987,164720,0
1912987,164720,1
1912987,164720,2
1912987,164720,3
1912987,164720,4
1912987,164720,5
1912987,164720,6
1912987,164720,7
1912987,164720,8
1912987,164720,9
1912987,164720,10
1912987,164720,11
1912987,164720,12
1912987,164720,13
1912987,164720,14
1913084,164720,0
1913084,164720,1
1913084,164720,2
1913084,164720,3
1913084,164720,4
1913084,164720,5
1913084,164720,6
1913085,164720,0
1913085,164720,1
1913085,164720,2
1913086,164720,0
1913086,164720,1
1913086,164720,2
1913086,164720,3
1913284,164720,0
1913284,164720,1
1913284,164720,2
1913284,164720,3
1913284,164720,4
1913284,164720,5
1913284,164720,6
1913284,164720,7
1913284,164720,8
1913284,164720,9
1913284,164720,10
1913284,164720,11
1913284,164720,12
1913285,164720,0
1913285,164720,1
1913285,164720,2
1913285,164720,3
1913285,164720,4
1913285,164720,5
1913285,164720,6
1913285,164720,7
1913285,164720,8
1913285,164720,9
1913285,164720,10
1913285,164720,11
1913285,164720,12
1913285,164720,13
1913285,164720,14
1913285,164720,15
1913285,164720,16
1913285,164720,17
1913285,164720,18
1913286,164720,0
1913286,164720,1
1913286,164720,2
1913286,164720,3
1913286,164720,4
1913286,164720,5
1913286,164720,6
1913999,164720,0
1913999,164720,1
1914000,164720,0
1914000,164720,1
1914000,164720,2
1914000,164720,3
1914000,164720,4
1914000,164720,5
1914000,164720,6
1914000,164720,7
1914000,164720,8
1914000,164720,9
1914001,164720,0
1914001,164720,1
1914001,164720,2
1914001,164720,3
1914001,164720,4
1914001,164720,5
1914001,164720,6
1914001,164720,7
1914001,164720,8
1914001,164720,9
1914002,164720,0
1914002,164720,1
1914002,164720,2
1914002,164720,3
1914002,164720,4
1914002,164720,5
1914002,164720,6
1914003,164720,0
1914003,164720,1
1914004,164720,0
1914004,164720,1
1914004,164720,2
1914004,164720,3
1914004,164720,4
1914004,164720,5
1914004,164720,6
1914005,164720,0
1914005,164720,1
1914006,164720,0
1914006,164720,1
1914006,164720,2
1914006,164720,3
1914006,164720,4
1914006,164720,5
1914006,164720,6
1914006,164720,7
1914007,164720,0
1914007,164720,1
1914007,164720,2
1914007,164720,3
1914007,164720,4
1914007,164720,5
1914007,164720,6
1914008,164720,0
1914008,164720,1
1914008,164720,2
1914008,164720,3
1914008,164720,4
1914008,164720,5
1914009,164720,0
1914009,164720,1
1914009,164720,2
1914009,164720,3
1914009,164720,4
1914009,164720,5
1914009,164720,6
1914009,164720,7
1914009,164720,8
1914009,164720,9
1914010,164720,0
1914010,164720,1
1914010,164720,2
1914010,164720,3
1914010,164720,4
1914010,164720,5
1914010,164720,6
1914011,164720,0
1914011,164720,1
1914011,164720,2
1914012,164720,0
1914012,164720,1
1914012,164720,2
1914012,164720,3
1914012,164720,4
1914012,164720,5
1914012,164720,6
1914012,164720,7
1914012,164720,8
1914013,164720,0
1914013,164720,1
1914013,164720,2
1914013,164720,3
1914013,164720,4
1914013,164720,5
1914013,164720,6
1914014,164720,0
1914014,164720,1
1914014,164720,2
1914014,164720,3
1914014,164720,4
1914014,164720,5
1914014,164720,6
1914014,164720,7
1914014,164720,8
1914014,164720,9
1914015,164720,0
1914015,164720,1
1914015,164720,2
1914015,164720,3
1914015,164720,4
1914015,164720,5
1914015,164720,6
1914015,164720,7
1914015,164720,8
1914015,164720,9
1914016,164720,0
1914016,164720,1
1914016,164720,2
1914016,164720,3
1914016,164720,4
1914016,164720,5
1914016,164720,6
1915091,164720,0
1915294,164720,0
1915294,164720,1
1915294,164720,2
1915295,164720,0
1915295,164720,1
1915295,164720,2
1915296,164720,0
1915296,164720,1
1915296,164720,2
1915296,164720,3
1915296,164720,4
1915296,164720,5
1915296,164720,6
1915297,164720,0
1915297,164720,1
1915297,164720,2
1915297,164720,3
1915297,164720,4
1915297,164720,5
1915297,164720,6
1915297,164720,7
1915297,164720,8
1915298,164720,0
1915298,164720,1
1915298,164720,2
1915298,164720,3
1915298,164720,4
1915298,164720,5
1915298,164720,6
1915298,164720,7
1915298,164720,8
1915299,164720,0
1915299,164720,1
1915299,164720,2
1915300,164720,0
1915300,164720,1
1915300,164720,2
1915300,164720,3
1915300,164720,4
1915300,164720,5
1915300,164720,6
1915301,164720,0
1915301,164720,1
1915301,164720,2
1915301,164720,3
1915301,164720,4
1915301,164720,5
1915301,164720,6
1915301,164720,7
1915301,164720,8
1915302,164720,0
1915302,164720,1
1915302,164720,2
1915303,164720,0
1915303,164720,1
1915303,164720,2
1915304,164720,0
1915304,164720,1
1915304,164720,2
1915305,164720,0
1915305,164720,1
1915306,164720,0
1915306,164720,1
1915306,164720,2
1915307,164720,0
1915307,164720,1
1915307,164720,2
1915307,164720,3
1915307,164720,4
1915307,164720,5
1915307,164720,6
1915307,164720,7
1915308,164720,0
1915308,164720,1
1915308,164720,2
1915309,164720,0
1915309,164720,1
1915309,164720,2
1915310,164720,0
1915310,164720,1
1915311,164720,0
1915311,164720,1
1915311,164720,2
1915311,164720,3
1915311,164720,4
1915311,164720,5
1915311,164720,6
1915312,164720,0
1915312,164720,1
1915313,164720,0
1915313,164720,1
1915315,164720,0
1915315,164720,1
1915316,164720,0
1915316,164720,1
1915316,164720,2
1915316,164720,3
1915316,164720,4
1915316,164720,5
1915316,164720,6
1915317,164720,0
1915317,164720,1
1915317,164720,2
1915317,164720,3
1915317,164720,4
1915317,164720,5
1915317,164720,6
1915317,164720,7
1915318,164720,0
1915318,164720,1
1915318,164720,2
1915318,164720,3
1915318,164720,4
1915318,164720,5
1915318,164720,6
1915319,164720,0
1915319,164720,1
1915319,164720,2
1915320,164720,0
1915320,164720,1
1915320,164720,2
1915320,164720,3
1915320,164720,4
1915320,164720,5
1915320,164720,6
1915321,164720,0
1915321,164720,1
1915321,164720,2
1915321,164720,3
1915321,164720,4
1915321,164720,5
1915321,164720,6
1915322,164720,0
1915322,164720,1
1915322,164720,2
1915322,164720,3
1915322,164720,4
1915322,164720,5
1915322,164720,6
1915322,164720,7
1915322,164720,8
1915323,164720,0
1915323,164720,1
1915323,164720,2
1915323,164720,3
1915323,164720,4
1915323,164720,5
1915323,164720,6
1915324,164720,0
1915324,164720,1
1915324,164720,2
1915324,164720,3
1915324,164720,4
1915324,164720,5
1915324,164720,6
1915325,164720,0
1915325,164720,1
1915325,164720,2
1915325,164720,3
1915325,164720,4
1915325,164720,5
1915325,164720,6
1915325,164720,7
1915325,164720,8
1915325,164720,9
1915326,164720,0
1915326,164720,1
1915326,164720,2
1915326,164720,3
1915326,164720,4
1915326,164720,5
1915326,164720,6
1915694,164720,0
1915694,164720,1
1917113,164720,0
1917114,164720,0
1917115,164720,0
1917116,164720,0
1917117,164720,0
1918208,164720,0
1918208,164720,1
1918208,164720,2
1918208,164720,3
1918208,164720,4
1918208,164720,5
1918208,164720,6
1918208,164720,7
1918208,164720,8
1918208,164720,9
1918208,164720,10
1918208,164720,11
1918208,164720,12
1918208,164720,13
1918209,164720,0
1918209,164720,1
1918209,164720,2
1918209,164720,3
1918209,164720,4
1918209,164720,5
1918209,164720,6
1918209,164720,7
1918209,164720,8
1918209,164720,9
1918209,164720,10
1918209,164720,11
1918209,164720,12
1918210,164720,0
1918210,164720,1
1918210,164720,2
1918210,164720,3
1918210,164720,4
1918210,164720,5
1918210,164720,6
1918210,164720,7
1918210,164720,8
1918210,164720,9
1918210,164720,10
1918210,164720,11
1918210,164720,12
1918211,164720,0
1918211,164720,1
1918211,164720,2
1918211,164720,3
1918211,164720,4
1918211,164720,5
1918211,164720,6
1918211,164720,7
1918211,164720,8
1918211,164720,9
1918211,164720,10
1918211,164720,11
1918400,164720,0
1918400,164720,1
1918400,164720,2
1918400,164720,3
1918400,164720,4
1918400,164720,5
1918400,164720,6
1918400,164720,7
1918400,164720,8
1918401,164720,0
1918401,164720,1
1918401,164720,2
1918401,164720,3
1918401,164720,4
1918401,164720,5
1918401,164720,6
1918401,164720,7
1918401,164720,8
1918402,164720,0
1918402,164720,1
1918402,164720,2
1918402,164720,3
1918402,164720,4
1918402,164720,5
1918402,164720,6
1918402,164720,7
1918402,164720,8
1918403,164720,0
1918403,164720,1
1918403,164720,2
1918403,164720,3
1918403,164720,4
1918403,164720,5
1918403,164720,6
1918403,164720,7
1918403,164720,8
1918404,164720,0
1918404,164720,1
1918404,164720,2
1918404,164720,3
1918404,164720,4
1918404,164720,5
1918404,164720,6
1918404,164720,7
1918405,164720,0
1918405,164720,1
1918405,164720,2
1918405,164720,3
1918405,164720,4
1918405,164720,5
1918405,164720,6
1918406,164720,0
1918406,164720,1
1918406,164720,2
1918406,164720,3
1918406,164720,4
1918406,164720,5
1918406,164720,6
1918406,164720,7
1918407,164720,0
1918407,164720,1
1918407,164720,2
1918407,164720,3
1918407,164720,4
1918407,164720,5
1918407,164720,6
1918407,164720,7
1918407,164720,8
1918407,164720,9
1918407,164720,10
1918408,164720,0
1918408,164720,1
1918408,164720,2
1918408,164720,3
1918408,164720,4
1918408,164720,5
1918408,164720,6
1918408,164720,7
1918408,164720,8
1918409,164720,0
1918409,164720,1
1918409,164720,2
1918409,164720,3
1918409,164720,4
1918409,164720,5
1918409,164720,6
1918409,164720,7
1918409,164720,8
1918410,164720,0
1918410,164720,1
1918410,164720,2
1918410,164720,3
1918410,164720,4
1918410,164720,5
1918410,164720,6
1918410,164720,7
1918411,164720,0
1918411,164720,1
1918411,164720,2
1918411,164720,3
1918411,164720,4
1918411,164720,5
1918411,164720,6
1918411,164720,7
1918411,164720,8
1918412,164720,0
1918412,164720,1
1918412,164720,2
1918412,164720,3
1918412,164720,4
1918412,164720,5
1918412,164720,6
1918413,164720,0
1918414,164720,0
1918414,164720,1
1918414,164720,2
1918414,164720,3
1918414,164720,4
1918414,164720,5
1918414,164720,6
1918414,164720,7
1918414,164720,8
1918414,164720,9
1918416,164720,0
1918416,164720,1
1918416,164720,2
1918416,164720,3
1918416,164720,4
1918416,164720,5
1918416,164720,6
1918416,164720,7
1918416,164720,8
1918417,164720,0
1918418,164720,0
1918418,164720,1
1918418,164720,2
1918418,164720,3
1918418,164720,4
1918418,164720,5
1918418,164720,6
1918418,164720,7
1918418,164720,8
1918418,164720,9
1918420,164720,0
1918420,164720,1
1918420,164720,2
1918420,164720,3
1918420,164720,4
1918420,164720,5
1918420,164720,6
1918421,164720,0
1918421,164720,1
1918422,164720,0
1918422,164720,1
1918422,164720,2
1918422,164720,3
1918422,164720,4
1918422,164720,5
1918422,164720,6
1918424,164720,0
1918424,164720,1
1918424,164720,2
1918424,164720,3
1918424,164720,4
1918424,164720,5
1918424,164720,6
1918424,164720,7
1918424,164720,8
1918424,164720,9
1918424,164720,10
1918425,164720,0
1918425,164720,1
1918425,164720,2
1918425,164720,3
1918425,164720,4
1918425,164720,5
1918425,164720,6
1918425,164720,7
1918425,164720,8
1918425,164720,9
1918426,164720,0
1918426,164720,1
1918426,164720,2
1918426,164720,3
1918426,164720,4
1918426,164720,5
1918426,164720,6
1918426,164720,7
1918427,164720,0
1918427,164720,1
1918427,164720,2
1918427,164720,3
1918427,164720,4
1918427,164720,5
1918427,164720,6
1918427,164720,7
1918427,164720,8
1918428,164720,0
1918428,164720,1
1918428,164720,2
1918428,164720,3
1918428,164720,4
1918429,164720,0
1918429,164720,1
1918429,164720,2
1918429,164720,3
1918429,164720,4
1918429,164720,5
1918429,164720,6
1918429,164720,7
1918429,164720,8
1918431,164720,0
1918431,164720,1
1918431,164720,2
1918431,164720,3
1918431,164720,4
1918431,164720,5
1918431,164720,6
1918431,164720,7
1918432,164720,0
1918432,164720,1
1918432,164720,2
1918433,164720,0
1918433,164720,1
1918433,164720,2
1918433,164720,3
1918433,164720,4
1918433,164720,5
1918433,164720,6
1918433,164720,7
1918433,164720,8
1918433,164720,9
1918435,164720,0
1918435,164720,1
1918435,164720,2
1918435,164720,3
1918435,164720,4
1918435,164720,5
1918435,164720,6
1918435,164720,7
1918435,164720,8
1918436,164720,0
1918436,164720,1
1918436,164720,2
1918436,164720,3
1918436,164720,4
1918436,164720,5
1918436,164720,6
1918437,164720,0
1918437,164720,1
1918437,164720,2
1918438,164720,0
1918438,164720,1
1918438,164720,2
1918438,164720,3
1918438,164720,4
1918438,164720,5
1918438,164720,6
1918438,164720,7
1918438,164720,8
1918439,164720,0
1918439,164720,1
1918439,164720,2
1918439,164720,3
1918439,164720,4
1918439,164720,5
1918439,164720,6
1918439,164720,7
1918439,164720,8
1918439,164720,9
1918439,164720,10
1918441,164720,0
1918441,164720,1
1918441,164720,2
1918441,164720,3
1918441,164720,4
1918441,164720,5
1918441,164720,6
1918441,164720,7
1918442,164720,0
1918442,164720,1
1918442,164720,2
1918442,164720,3
1918442,164720,4
1918442,164720,5
1918442,164720,6
1918442,164720,7
1918443,164720,0
1918443,164720,1
1918443,164720,2
1918443,164720,3
1918443,164720,4
1918443,164720,5
1918443,164720,6
1918443,164720,7
1918443,164720,8
1918443,164720,9
1918444,164720,0
1918444,164720,1
1918444,164720,2
1918444,164720,3
1918444,164720,4
1918444,164720,5
1918444,164720,6
1918445,164720,0
1918446,164720,0
1918451,164720,0
1918451,164720,1
1918451,164720,2
1918451,164720,3
1918451,164720,4
1918451,164720,5
1918451,164720,6
1918451,164720,7
1918451,164720,8
1918451,164720,9
1918452,164720,0
1918452,164720,1
1918452,164720,2
1918452,164720,3
1918452,164720,4
1918452,164720,5
1918452,164720,6
1918452,164720,7
1918452,164720,8
1918452,164720,9
1918453,164720,0
1918453,164720,1
1918453,164720,2
1918453,164720,3
1918453,164720,4
1918453,164720,5
1918453,164720,6
1918453,164720,7
1918453,164720,8
1918454,164720,0
1918454,164720,1
1918454,164720,2
1918454,164720,3
1918454,164720,4
1918454,164720,5
1918454,164720,6
1918455,164720,0
1918455,164720,1
1918455,164720,2
1918455,164720,3
1918455,164720,4
1918455,164720,5
1918455,164720,6
1918455,164720,7
1918455,164720,8
1918456,164720,0
1918456,164720,1
1918456,164720,2
1918456,164720,3
1918456,164720,4
1918456,164720,5
1918456,164720,6
1918456,164720,7
1918458,164720,0
1918458,164720,1
1918458,164720,2
1918458,164720,3
1918458,164720,4
1918458,164720,5
1918458,164720,6
1918458,164720,7
1918459,164720,0
1918459,164720,1
1918459,164720,2
1918459,164720,3
1918459,164720,4
1918459,164720,5
1918459,164720,6
1918460,164720,0
1918460,164720,1
1918460,164720,2
1918460,164720,3
1918460,164720,4
1918460,164720,5
1918460,164720,6
1918460,164720,7
1918460,164720,8
1918460,164720,9
1918461,164720,0
1918461,164720,1
1918461,164720,2
1918461,164720,3
1918461,164720,4
1918461,164720,5
1918461,164720,6
1918461,164720,7
1918461,164720,8
1918462,164720,0
1918462,164720,1
1918462,164720,2
1918462,164720,3
1918462,164720,4
1918462,164720,5
1918462,164720,6
1918462,164720,7
1918463,164720,0
1918463,164720,1
1918463,164720,2
1918463,164720,3
1918463,164720,4
1918463,164720,5
1918463,164720,6
1918463,164720,7
1918463,164720,8
1918464,164720,0
1918464,164720,1
1918464,164720,2
1918464,164720,3
1918464,164720,4
1918464,164720,5
1918464,164720,6
1918464,164720,7
1918465,164720,0
1918465,164720,1
1918465,164720,2
1918465,164720,3
1918465,164720,4
1918465,164720,5
1918465,164720,6
1918465,164720,7
1918465,164720,8
1918466,164720,0
1918466,164720,1
1918466,164720,2
1918467,164720,0
1918467,164720,1
1918467,164720,2
1918468,164720,0
1918468,164720,1
1918468,164720,2
1918468,164720,3
1918468,164720,4
1918468,164720,5
1918468,164720,6
1918468,164720,7
1918468,164720,8
1918469,164720,0
1918469,164720,1
1918469,164720,2
1918469,164720,3
1918469,164720,4
1918469,164720,5
1918469,164720,6
1918469,164720,7
1918470,164720,0
1918470,164720,1
1918470,164720,2
1918471,164720,0
1918471,164720,1
1918471,164720,2
1918471,164720,3
1918471,164720,4
1918471,164720,5
1918471,164720,6
1918471,164720,7
1918471,164720,8
1918472,164720,0
1918472,164720,1
1918472,164720,2
1918472,164720,3
1918472,164720,4
1918472,164720,5
1918472,164720,6
1918472,164720,7
1918472,164720,8
1918473,164720,0
1918473,164720,1
1918473,164720,2
1918473,164720,3
1918473,164720,4
1918473,164720,5
1918473,164720,6
1918473,164720,7
1918474,164720,0
1918474,164720,1
1918474,164720,2
1918474,164720,3
1918474,164720,4
1918474,164720,5
1918474,164720,6
1918474,164720,7
1918474,164720,8
1918475,164720,0
1918475,164720,1
1918475,164720,2
1918476,164720,0
1918476,164720,1
1918476,164720,2
1918477,164720,0
1918477,164720,1
1918477,164720,2
1918477,164720,3
1918477,164720,4
1918477,164720,5
1918477,164720,6
1918477,164720,7
1918477,164720,8
1918477,164720,9
1918477,164720,10
1922204,164720,0
1922204,164720,1
1922204,164720,2
1922204,164720,3
1922204,164720,4
1922204,164720,5
1922204,164720,6
1922204,164720,7
1922204,164720,8
1922205,164720,0
1922205,164720,1
1922205,164720,2
1922205,164720,3
1922205,164720,4
1922205,164720,5
1922205,164720,6
1922205,164720,7
1922205,164720,8
1922206,164720,0
1922206,164720,1
1922206,164720,2
1922206,164720,3
1922206,164720,4
1922206,164720,5
1922206,164720,6
1922207,164720,0
1922207,164720,1
1922207,164720,2
1922207,164720,3
1922207,164720,4
1922208,164720,0
1922208,164720,1
1922208,164720,2
1922208,164720,3
1922208,164720,4
1922208,164720,5
1922208,164720,6
1922209,164720,0
1922209,164720,1
1922209,164720,2
1922209,164720,3
1922209,164720,4
1922210,164720,0
1922210,164720,1
1922210,164720,2
1922210,164720,3
1922210,164720,4
1922210,164720,5
1922210,164720,6
1922211,164720,0
1922211,164720,1
1922211,164720,2
1922211,164720,3
1922211,164720,4
1922211,164720,5
1922211,164720,6
1922212,164720,0
1922704,164720,0
1922704,164720,1
1922705,164720,0
1922705,164720,1
1922705,164720,2
1922706,164720,0
1922706,164720,1
1922706,164720,2
1922707,164720,0
1922707,164720,1
1922708,164720,0
1922708,164720,1
1922708,164720,2
1922709,164720,0
1922709,164720,1
1922709,164720,2
1922710,164720,0
1922711,164720,0
1922711,164720,1
1922712,164720,0
1922712,164720,1
1922712,164720,2
1922713,164720,0
1922713,164720,1
1922714,164720,0
1922714,164720,1
1922714,164720,2
1922715,164720,0